"","alpha0","alpha7","alpha14","alpha21","alpha28","alpha35","alpha42","alpha49","alpha56","alpha63","alpha70","alpha77","alpha84","alpha91","alpha98","alpha105","alpha112","alpha119"
"1",-0.36,-0.42,0.29,-0.14,-0.19,-0.52,0.04,0.04,0.37,0.24,0.13,0.22,0.04,-0.24,-0.22,-0.1,0.22,0.61
"2",1.04,0.19,0.47,-1.03,-0.63,-0.68,0.1,-0.02,0.53,0.68,0.51,-0.2,-0.34,-0.59,-0.31,-0.25,0.11,0.44
"5",-0.3,-0.45,0.75,0.37,0.27,-0.28,-0.16,-0.13,-0.56,-0.28,0.11,0.3,0.22,0.08,0.07,-0.02,0.11,-0.1
"8",-0.46,0.12,-0.06,-0.76,-0.7,-0.79,-0.2,-0.06,0.82,0.36,0.68,-0.13,0.2,-0.32,0.04,0.57,0.17,0.53
"9",-1.35,-0.86,-0.22,-0.38,-0.65,-0.79,0.02,0.6,1.38,1.59,1.03,0.99,0.11,-0.39,-0.86,-0.41,-0.2,0.41
"10",-2.06,-1.98,-1.64,-0.21,1.21,0.69,0.85,0.43,-0.32,-0.77,-1.1,-0.02,0.88,1.3,1.29,1.29,0.16,0
"11",-1.61,-2.55,-1.09,-0.55,0.98,1.14,0.9,0.43,-0.41,-0.38,-1.18,-0.16,0.77,1.27,1.17,1.3,0.05,-0.09
"14",-0.07,-0.46,0.41,0.16,0.58,-0.07,0.45,0.04,0.07,-0.07,-0.08,-0.28,-0.09,-0.08,0.16,-0.35,0.02,-0.35
"16",0.11,-0.54,-0.45,-0.23,-0.14,0.39,0.15,0.15,0.02,0.17,-0.38,-0.14,-0.06,0.17,0.11,0.07,0.37,0.23
"17",0.15,-0.07,-0.09,0,0.02,-0.46,-0.11,-0.14,-0.02,0.03,-0.03,0.41,0.13,0.11,0.1,0.03,-0.12,0.05
"18",-0.43,0.15,0.3,0.05,0.07,-0.02,0.33,0.26,-0.41,0,-0.4,0.03,0.05,0.2,-0.16,0.37,-0.31,-0.08
"19",-0.23,0.09,0.41,-0.11,-0.03,-0.48,-0.3,-0.25,-0.01,-0.17,0.37,-0.09,-0.2,-0.18,0.21,1.01,-0.06,0.01
"20",-0.56,-0.54,0.15,-0.56,0.05,-0.07,0.31,0.15,0.4,0.02,0.11,0.49,-0.28,-0.43,0.21,0.4,-0.01,0.17
"21",-0.27,-0.66,0.3,0.19,0.24,0.24,0.03,0,-0.21,0,0.14,-0.01,-0.12,-0.16,0.07,0.01,0.04,-0.02
"22",-0.66,-0.47,0.68,0.72,-0.12,-0.64,-0.51,-0.44,-0.34,0.56,0.37,0.94,0.19,0.04,-0.47,0.22,-0.38,0.32
"23",-0.87,-0.36,0.51,1.09,-0.21,0.33,-0.97,-0.31,-0.47,0.1,0.43,1.25,-0.1,-0.1,-0.18,0.07,-0.45,0.23
"24",-0.61,-0.35,0.25,0.86,-0.21,-0.47,-0.49,-0.44,-0.35,0.7,0.25,0.85,0.19,0.01,-0.37,0.37,-0.37,0.17
"25",-0.09,-0.25,0.05,0.09,0.52,0.13,-0.08,-0.39,-0.11,-0.29,0.11,-0.01,-0.11,-0.06,0.4,0.58,-0.29,-0.22
"27",-2.36,-2.71,-1.46,-0.16,1.51,1.65,0.68,0.41,-0.31,-0.33,-0.74,-0.01,0.97,1.01,1.36,0.67,0.08,-0.26
"28",-1.81,-1.94,-1.33,0.01,1.51,0.91,0.69,0.11,-0.4,-0.78,-1.12,-0.09,0.96,1.32,1.24,0.57,0.35,-0.2
"32",1.57,1.03,1.22,0.31,0.16,-0.49,-1.02,-1.08,-0.8,-0.18,0.1,0.27,0.39,-0.05,-0.42,0.16,-1.08,-0.08
"33",-0.06,-0.63,-0.63,-0.77,-0.49,-0.11,0.11,0.18,0.2,0.15,0.44,0.5,0.03,-0.03,0.04,0.52,-0.06,0.62
"34",-0.91,-0.33,0.41,0.67,0.42,0.13,-0.06,-0.1,-0.84,0.19,-0.18,0.5,0.53,0.22,-0.35,0.16,-0.42,-0.03
"35",-0.81,0.02,1.08,0.74,-0.1,-0.23,-0.64,-0.64,-1.21,0.24,1.27,1.13,0.49,-0.06,-0.39,-0.1,-1,0.22
"36",-0.48,1.79,0.38,0.06,-0.11,-0.16,-0.14,-0.16,-0.63,-0.54,-0.02,0.38,0.13,-0.29,0.08,0.19,-0.46,-0.02
"40",-1.15,-0.86,1.21,1.62,1.12,0.16,-0.44,-0.93,-1.23,-0.62,0.62,1.3,1.08,0.27,0.04,-0.51,-0.8,-0.89
"42",-0.11,-0.33,-0.43,-0.74,-0.88,-1.2,-0.18,0.3,1.64,0.89,0.9,0.27,0.05,-0.29,-1.09,0.32,0.41,0.47
"45",-0.25,0.07,0.44,-1.25,0.07,-0.21,0.01,-0.02,0.01,0.26,0.06,0.13,-0.05,0.26,-0.07,0.22,0.07,0.23
"46",-0.08,-0.73,-0.32,-0.42,0.08,0.08,-0.05,0.59,-0.17,-0.2,-0.02,0.08,0.08,0.22,0.38,0.35,0.19,-0.06
"50",1.71,1.62,-1.29,-0.85,-1.48,-0.89,-1.77,0,-2.13,0.23,1.03,1.31,1.15,0.31,0.38,0.37,0.29,0.02
"51",-0.46,0,0.42,0.28,0.51,0.03,0.17,-0.18,-0.58,-0.23,-0.12,0.27,0.2,-0.05,0.29,0.28,-0.53,-0.27
"54",0.04,0.03,0.65,-0.02,0.11,-0.28,-0.22,-0.06,-0.2,0.06,-0.04,0.31,-0.01,-0.15,-0.15,-0.01,-0.2,0.14
"55",-0.07,-0.55,-0.43,-0.45,0.02,0.21,0.41,0.41,0.17,-0.41,-0.35,-0.18,0.14,0.01,0.04,0.38,0.31,0.33
"56",-0.92,-1.32,-0.49,-0.19,0.48,0.13,0.79,-0.01,0.3,0.35,-0.17,0.2,0.23,-0.13,0.31,0.2,0.08,0.13
"58",0.19,0.21,0.1,0.13,-0.01,-0.35,0.02,-0.21,0.01,0.18,-0.08,0.12,0.16,-0.15,-0.27,-0.04,-0.19,0.18
"64",-0.41,0.2,1.31,0.92,0.26,-0.36,-0.26,-0.94,-0.7,0.06,0.61,0.74,0.56,-0.28,-0.6,-0.28,-0.41,-0.43
"65",-0.29,0.12,0.12,-0.35,0.3,-0.21,0.08,-0.07,-0.19,-0.02,0.2,-0.01,0.08,0.12,0.12,-0.01,0.09,-0.11
"66",2.47,0.3,-0.43,-0.12,-0.55,-0.19,-0.51,-0.22,-1.06,-0.11,0.42,0.23,0.08,-0.12,-0.59,0.54,-0.22,0.08
"67",0.13,0.24,0.32,-0.36,-0.12,-0.51,0.49,0.01,0.26,0.16,-0.23,-0.28,0.01,-0.26,0.08,-0.05,0.2,-0.09
"68",-0.14,1.34,1.69,1.07,0.47,-0.35,-0.38,-0.96,-0.68,-0.27,-0.12,0.07,0.16,-0.72,-0.24,-0.31,-0.16,-0.46
"69",-0.02,1.07,1.3,0.83,0.35,-0.46,-0.13,-0.91,-0.52,-0.15,-0.03,0.03,0.13,-0.44,-0.17,-0.24,-0.3,-0.35
"70",0.11,-0.32,0.21,-0.14,0.22,0.03,0.37,-0.01,0.13,-0.28,0.14,-0.01,-0.12,-0.09,0.16,0.06,-0.06,-0.4
"72",-0.69,-0.29,0.57,1.14,0.13,0.07,-0.31,0.17,-0.88,-0.42,0.13,0.33,0.27,-0.06,-0.18,0.58,-0.15,-0.44
"73",-0.75,-0.84,-0.15,-0.1,0.13,0.15,0.37,0.45,0.27,-0.03,0.08,-0.24,-0.1,-0.02,0.25,0.27,0.29,-0.03
"78",-0.26,-0.86,-0.33,-0.56,-0.23,-0.61,0.43,0.36,0.88,0.34,0.55,-0.37,-0.23,-0.53,0.17,-0.05,1.04,0.27
"82",-1.18,-0.2,0.57,0.69,0.21,0.1,-0.66,-0.44,-0.4,-0.57,0.21,0.81,0.69,0.41,0.13,0.31,-0.36,-0.34
"83",-0.01,0.12,0.27,0.04,0.07,0.23,0.09,0.34,0.18,-0.32,-0.32,-0.29,-0.32,-0.2,-0.1,0.32,-0.11,-0.01
"84",-1.22,-0.74,1.34,1.5,0.63,0.29,-0.55,-0.65,-0.76,-0.88,0.69,1.25,0.62,-0.01,-0.36,-0.04,-0.55,-0.55
"85",-0.58,-0.06,0.67,0.92,0.09,0.41,-0.3,-0.21,-0.45,-0.11,0.21,0.24,0.14,-0.03,-0.24,-0.09,-0.33,-0.26
"88",2.38,1.45,0.69,-0.26,-0.37,-0.29,0.09,0.03,-0.05,-0.51,-0.47,-0.89,-0.19,-0.08,-0.7,-0.56,-0.22,-0.03
"89",1.81,1.03,0.48,-0.4,-0.04,-0.3,0.05,0.29,0.14,-0.42,-0.01,-1,-0.08,-0.24,-0.17,-0.36,-0.32,-0.48
"90",1.19,0.21,0.12,-0.06,0.17,-0.18,-0.06,-0.29,-0.23,0.35,-0.13,0.05,-0.2,-0.43,-0.31,-0.1,0.01,-0.13
"94",-0.29,-0.66,-0.09,0.07,0.57,0.3,0.53,-0.18,-0.07,-0.37,-0.23,0.16,0.3,0.23,0.24,0.14,-0.35,-0.31
"99",-0.64,-0.03,0.15,0.32,0.02,0.09,-0.36,-0.09,0.37,-0.4,0.42,0.21,0.37,-0.25,-0.19,0.09,-0.01,-0.09
"100",-0.35,1.09,-0.31,-0.57,-0.33,-0.54,-0.29,-0.45,-0.23,0.95,1.31,0.73,0.31,-0.25,-0.31,-0.37,-0.52,0.11
"102",-0.7,-0.13,0.19,-0.13,-0.1,-0.34,0.3,-0.13,0.3,0.34,0.58,0.3,0.42,-0.28,-0.16,-0.47,-0.05,0.05
"103",-0.17,0.42,0.37,-0.18,-0.09,-0.43,0.07,-0.09,0.08,0.14,0.42,0.07,-0.17,-0.39,0.04,0.04,-0.12,-0.03
"108",0.22,0.06,0.68,0.55,0.28,-0.37,0.1,-0.57,-0.22,0.04,-0.1,-0.04,-0.01,-0.16,-0.32,-0.22,-0.19,0.1
"109",-0.99,-0.24,-0.74,-0.44,-0.67,-0.01,-0.95,-0.39,-0.44,1.14,1.99,0.87,0.36,0.28,-0.07,0.16,-0.05,0.2
"110",-0.36,0.02,0.64,-0.03,0.02,0.13,-0.08,-0.12,0.02,0.3,-0.05,0.18,-0.24,-0.32,-0.09,-0.03,0.15,-0.15
"111",-0.86,-0.29,0.42,0.46,0.3,0.1,-0.63,-0.09,-0.31,-0.45,0.64,0.39,0.12,0.14,0.02,0.44,-0.23,-0.15
"112",-0.28,-0.05,0.03,0.41,0.21,0.01,0.23,0.09,-0.49,0.06,-0.2,0.05,0.1,-0.1,0.02,-0.01,0.12,-0.16
"113",-0.16,-0.05,0.17,-0.28,-0.02,-0.55,-0.04,0,0.4,-0.2,0.38,0.17,0.21,0.14,0.1,0.01,-0.43,0.1
"115",-0.48,-0.22,-0.07,-0.24,-0.13,0.17,0.63,0.23,0.23,0.05,-0.13,-0.2,-0.28,-0.06,0.13,0.36,-0.1,0.12
"117",-1.49,-0.05,-1.27,-1.96,-1.49,-1.85,0.07,0.53,1.61,1.59,1.58,0.85,0.75,-0.23,-0.17,-0.23,0.57,1.16
"119",-0.14,0.15,-0.59,-1.46,-0.5,-1.38,-0.46,-1.17,-0.72,1.56,2.23,1.38,1.12,0.15,0.15,-0.14,-0.68,0.52
"120",-0.02,0.06,0.38,0.33,0.01,-0.4,-0.64,-0.05,0.5,0.02,0.81,0.08,-0.13,-0.46,-0.33,0.04,-0.28,0.07
"121",2.17,0.13,0.5,0.28,0.11,-0.32,-0.18,-0.47,-0.14,-0.23,0.19,0.18,-0.15,-0.52,-0.38,-0.49,-0.13,-0.54
"126",0.03,-0.31,-0.14,0.44,0.47,-0.07,0.05,-0.49,-0.05,-0.31,0.08,0.11,0.19,0.05,0.1,-0.05,0.08,-0.19
"127",-1.29,-0.7,-0.33,-0.88,-0.19,0.05,0.02,0.68,0.75,0.64,0.42,-0.07,-0.79,-0.16,-0.19,0.73,0.64,0.51
"129",-0.44,-0.76,-0.7,-0.65,-0.14,-0.1,0.44,0.22,0.42,0.15,0.13,0.06,0.11,0.15,0.21,0.3,0.41,0.18
"130",0.08,-0.05,-0.11,-0.01,0,0.02,0.21,0.14,-0.01,0.02,-0.16,-0.08,0.23,-0.2,-0.08,-0.25,0.36,-0.11
"131",-0.07,-0.28,-0.22,-0.02,-0.34,-0.13,-0.41,-0.13,0.36,0.49,0.56,0.05,0.01,-0.2,-0.14,0.14,-0.02,0.35
"132",-0.01,-0.05,0.24,-0.07,-0.45,-0.43,-0.56,-0.14,0.63,0.19,0.56,0.05,0.17,-0.14,-0.19,0.16,-0.14,0.13
"133",-1.51,-1.57,-1.35,0.04,1.3,1.15,0.94,-0.08,-0.13,-0.72,-0.75,-0.26,0.98,0.94,1.09,0.31,0.07,-0.43
"134",-1.46,-2.3,-1.41,-0.27,1.4,1.18,1.11,0.08,-0.18,-0.82,-0.9,-0.46,0.98,1.15,1.47,0.58,0.18,-0.35
"135",0,-0.05,0.03,-0.01,0.03,0.01,0.07,0,0.05,0,0.02,-0.01,0.05,-0.16,-0.02,0.01,-0.01,-0.02
"137",0.02,-0.05,-0.05,-0.31,-0.01,-0.29,0.57,0,0.43,0.16,0.09,-0.25,0.12,-0.45,0.18,-0.23,0.2,-0.13
"139",-0.45,-0.87,-0.08,0.1,0.46,0.61,0.33,-0.16,-0.11,-0.51,0.38,0.24,0.53,0.05,0.3,-0.22,-0.08,-0.53
"140",-0.16,-0.55,0.03,-0.01,0.03,0.35,0.47,0.71,-0.06,-0.33,-0.44,-0.26,0.2,-0.24,0.21,-0.11,0.51,-0.29
"142",0.6,-0.55,0.41,0.45,0.18,-0.66,-1.02,-0.98,-0.4,-0.23,1.59,0.67,0.72,-0.23,0.6,-0.09,-0.71,-0.34
"143",-0.05,0.02,-0.17,0.26,-0.35,0.23,-0.37,0.06,0.27,-0.18,0.32,-0.06,0.15,-0.08,-0.17,0.19,-0.15,0.09
"144",0.11,0.59,0.63,0.34,0.28,-0.44,-0.08,-0.71,-0.34,0.25,0.08,-0.04,0.41,-0.12,-0.21,-0.4,-0.18,-0.18
"145",0.08,-0.53,-0.29,-0.24,-0.09,0.08,0.33,0.15,0.2,0.38,-0.1,-0.37,-0.19,-0.09,0.08,0.22,0.18,0.19
"146",0.12,-0.26,0.05,-0.01,0.03,-0.12,0.14,-0.43,-0.14,-0.19,0.04,0.11,0.53,0.01,0.45,-0.01,-0.01,-0.28
"150",-0.67,-0.15,-0.08,0.11,-0.12,0.27,-0.43,0.16,0.2,0.33,0.33,0.1,0.03,-0.17,0,0.32,-0.08,-0.17
"151",-0.33,-0.12,0.23,0.9,0.75,0.49,0.27,-0.55,-0.39,-0.29,-0.27,0.07,0.42,-0.13,0.02,-0.4,-0.24,-0.44
"153",-0.27,-0.08,-0.03,0.37,0.26,0.14,-0.03,0.08,-0.27,-0.09,-0.06,0.24,0.32,-0.2,-0.09,-0.23,0.26,-0.31
"154",-0.01,-0.05,-0.25,-0.08,-0.23,0.09,0.15,-0.01,-0.08,0.04,-0.25,0.06,0.17,-0.09,0.21,0.09,0.23,-0.08
"155",-1.15,-0.45,0.23,-0.01,-0.31,0.6,0.5,0.37,0.05,-0.71,-0.21,-0.19,-0.05,0.1,0.56,0.91,-0.02,-0.27
"157",-0.85,-0.43,0.27,0.08,0.44,-0.1,-0.43,-0.05,0.25,0.27,0.02,0.99,0.86,0.33,0.2,0.06,-0.93,-0.96
"158",-0.32,-0.56,0.03,0.25,0.03,0.01,0.4,0.07,-0.13,-0.05,-0.23,0.13,0.37,-0.03,0.23,-0.08,0.07,-0.11
"159",-0.02,-0.08,0.34,-0.25,0.03,0.16,0.18,-0.1,0.24,-0.23,1.1,-0.13,-0.11,-0.54,-0.21,-0.19,0.01,-0.18
"162",-1.76,-0.34,0.18,1.07,0.37,0.32,-0.5,-0.25,-0.48,-0.25,0.79,0.97,0.53,0.13,0.07,0.14,-0.56,-0.41
"164",-0.59,-0.12,0.8,0.88,0.22,-0.56,-0.5,-0.48,0.32,-0.12,0.48,0.7,0.08,-0.31,0.08,-0.46,-0.27,-0.17
"167",-0.25,0.17,0.5,0.11,-1.11,-0.41,-1.14,0,0.2,0.98,0.79,0.62,-0.06,-0.27,-0.57,0.01,-0.07,0.5
"168",0.11,0.21,0.74,0.5,-0.29,-0.47,-0.34,-0.29,-0.04,0.24,0.59,0.33,0.23,-0.31,-0.31,-0.45,-0.5,0.07
"169",-0.36,-0.67,-0.48,0.05,0.41,0.23,0.61,0.17,0.05,-0.21,-0.21,-0.17,0.18,0.04,0.31,0.14,0.17,-0.25
"170",0.43,0.06,0.4,0.64,0.69,0.47,0.4,-0.06,-0.28,-0.56,-0.47,-0.23,0.01,-0.18,-0.01,-0.33,-0.15,-0.84
"171",0.6,1.03,0.88,0.79,0.31,-0.1,0.06,-0.15,-0.36,-0.27,-0.33,-0.11,-0.25,-0.61,-0.39,-0.4,-0.35,-0.35
"172",-0.45,-0.37,0.4,0.16,0.31,0.14,0.34,-0.17,-0.29,-0.31,-0.12,0.14,0.12,0.16,-0.02,0.16,0.08,-0.31
"174",-1.1,-1.3,-0.18,-0.25,-0.16,-0.31,0.29,0.33,0.75,0.44,0.5,0.02,-0.06,-0.26,0.35,0.2,0.65,0.09
"175",0.4,0.32,0.34,0.23,0.18,0.19,0.18,-0.02,0.02,-0.02,-0.12,-0.05,0.2,-0.52,-0.03,-0.34,-0.47,-0.49
"176",-0.88,-0.12,1.08,0.76,-0.12,0.02,-1.03,-0.29,-0.11,0.02,1.03,0.97,0.05,-0.18,-0.33,0.08,-0.62,-0.33
"177",-1,-0.21,1.02,0.86,-0.47,0.1,-0.7,-0.38,-0.35,0.33,0.87,0.98,0.06,-0.08,-0.42,-0.12,-0.32,-0.15
"178",0,-0.05,0.03,-0.01,0.03,0.01,0.07,0,0.05,0,0.02,-0.01,0.05,-0.16,-0.02,0.01,-0.01,-0.02
"179",-2.29,-0.05,0.77,1.6,0.53,0.55,-0.38,-0.54,-1.08,-0.94,0.07,1.35,1.02,1,0.2,-0.04,-0.97,-0.87
"180",-1.33,-0.69,-0.48,0.15,0.2,0.63,0.39,0.44,0.09,0.05,0.06,0.09,0.12,0.17,-0.05,0.32,-0.08,-0.09
"182",0.52,-0.02,0.14,-0.11,0.07,-0.5,0.4,0.26,-0.13,-0.34,-0.16,-0.26,-0.13,0.06,0.26,-0.06,0.1,-0.11
"183",0.96,0.07,-0.03,-0.25,0.11,0.23,-0.23,0.11,-0.09,-0.72,-0.01,-0.09,0.01,-0.07,0.28,0.39,-0.14,-0.52
"184",-0.79,-1.01,-0.6,-0.25,0.27,0.75,0.53,0.47,0.17,-0.3,-0.34,-0.5,-0.01,0.09,0.64,0.38,0.49,0.02
"185",-0.38,1,-0.3,-0.16,-0.51,0.35,0.22,0.6,0.32,-0.04,-0.07,-0.23,-0.28,-0.4,-0.38,0,0.08,0.19
"186",-1.46,-0.76,1.08,1.5,0.74,0.47,-0.7,-0.68,-1.03,-0.55,0.35,1.24,0.73,0.2,0,0.11,-0.53,-0.72
"187",-0.36,0.69,0.22,-0.55,-1.01,0.58,0.66,0.74,0.27,-0.21,-0.08,-0.21,-0.49,-0.53,-0.1,0.53,-0.16,0
"188",-0.57,0.42,1.03,1.35,0.64,0.42,-0.4,-0.9,-0.73,-0.47,0.2,0.78,0.28,-0.05,-0.11,-0.13,-0.87,-0.9
"189",-1.21,-0.26,1.36,1.37,0.54,0.18,-0.85,-0.82,-0.75,0.07,0.89,0.78,0.37,-0.19,-0.11,-0.54,-0.34,-0.47
"191",0.92,0.19,-0.12,-1.24,-0.29,-0.74,-0.69,-1.08,-1.63,-1.08,0.31,1.59,1.36,0.92,0.71,0.58,0.53,-0.24
"192",-1.12,-0.85,-1.04,-0.44,-0.48,-0.11,-0.18,0.06,0.19,0.52,0.5,0.43,0.5,0.3,0.38,0.4,0.43,0.52
"193",0.02,-0.44,-0.01,0.41,0.25,0.05,0.12,-0.05,-0.18,-0.05,-0.01,0.26,0.18,-0.1,-0.22,-0.15,0.08,-0.15
"194",0.41,1.47,1.8,0.81,0.03,-0.31,-0.18,-0.45,-0.25,-0.31,-0.25,-0.35,-0.19,-0.48,-0.55,-0.48,-0.19,-0.52
"195",-0.19,-0.34,0.04,0.02,0,-0.15,0,-0.13,-0.23,-0.25,0,0.37,0.38,0.17,0.28,0.14,0.14,-0.23
"196",-0.64,0,0.48,0.4,0.21,0.3,-0.36,-0.05,0.03,-0.18,0.09,0.12,0.25,0.02,-0.28,0.06,-0.3,-0.14
"199",0.35,-0.27,0.18,-0.24,-0.11,0.08,0.02,0.12,0.17,-0.08,0.51,0.16,-0.22,-0.34,-0.11,-0.14,0.11,-0.2
"202",2.19,1.44,0.13,-0.63,0.03,-1.06,-0.93,-0.77,-0.13,0.26,0.37,0.07,0.03,-0.7,-0.47,-0.63,0.39,0.43
"203",-0.46,-0.92,-0.58,-0.19,0.22,0.1,0.69,0.2,0.34,-0.07,-0.05,-0.17,0.1,-0.14,0.3,0.31,0.27,0.05
"204",-0.16,0.28,0.24,0.31,-0.13,0.24,-0.34,-0.16,0.2,0.33,0.21,0.1,-0.06,-0.36,-0.5,-0.11,-0.09,0.02
"205",-0.28,0.19,0.41,0.56,0.24,0.14,-0.11,-0.11,-0.15,0.14,-0.16,0.25,0.08,-0.1,-0.11,-0.21,-0.7,-0.07
"206",-1.05,0,1.09,0.87,-0.27,0.02,-0.78,-0.39,-0.37,0.35,0.85,1.05,-0.22,-0.21,-0.42,-0.11,-0.39,-0.02
"207",-0.98,-0.05,0.99,0.8,-0.19,-0.12,-0.77,-0.33,-0.28,-0.2,0.95,0.88,0.22,-0.12,-0.28,0.02,-0.49,-0.12
"208",-0.59,-0.11,0.72,0.92,-0.21,-0.01,-0.64,-0.53,-0.22,0.28,0.55,0.87,0.06,-0.24,-0.31,-0.11,-0.43,0.01
"209",-0.41,-0.26,0.55,0.93,0.03,-0.37,-0.33,-0.6,-0.35,0.4,0.5,0.81,0.27,-0.28,-0.41,-0.16,-0.45,0.1
"211",0.05,0.95,0.62,0.22,-0.12,-0.12,-0.25,0,-0.55,0.03,-0.19,0.16,0.02,-0.27,-0.1,-0.27,0.01,-0.16
"212",-0.5,0.22,0.48,0.67,-0.04,-0.14,-0.31,-0.25,-0.1,-0.27,0.21,0.5,0.14,-0.06,0.02,-0.07,-0.27,-0.22
"213",-0.13,-0.03,0.34,-0.09,0.13,0.28,0.79,0.22,0.15,-0.19,-0.35,-0.08,-0.41,-0.47,-0.18,0.11,-0.01,-0.1
"217",-0.26,-0.59,0.09,0.04,0.61,0.21,0.46,-0.17,0.05,-0.33,0.05,0.06,0.15,-0.07,0.3,0.02,0.02,-0.58
"219",3.49,2.57,1.71,0.46,-1.22,-0.9,-1.39,-1.15,-0.92,-0.36,0.05,-0.02,0.06,-0.49,-0.49,-0.66,-0.51,-0.24
"220",0.2,1.33,1.25,1.02,0.16,-0.07,-0.88,-0.59,-0.5,-0.57,0.1,0.04,0.01,-0.48,-0.15,-0.02,-0.36,-0.5
"222",1.03,0.85,0.63,-0.45,-0.86,-2.06,-1.39,-1.29,-0.76,0.17,1.18,1.12,1.12,0.92,0.65,-0.34,-0.27,-0.27
"225",0.04,0,0.19,0.12,-0.08,0.09,-0.05,0.16,0.02,-0.11,0,0.02,-0.13,-0.15,0,0.16,-0.24,-0.04
"227",-0.74,-0.13,-0.05,0.28,-0.03,0.02,0.16,0.14,-0.27,-0.35,0.37,-0.29,0.42,-0.27,1,0.2,-0.05,-0.4
"231",0.79,0.35,-0.36,-0.02,-0.58,0.12,-0.17,0.31,0.1,0.23,-0.04,0.01,-0.12,-0.14,-0.49,-0.17,0.04,0.13
"232",-0.11,0.13,0.41,0.6,0.23,0.31,0.19,0.16,-0.55,-0.34,0.05,0.23,0.25,0.08,-0.11,-0.23,-1.1,-0.19
"234",0.18,-0.04,0.14,0.21,0.15,0.06,-0.27,0.24,-0.04,-0.4,0.2,0.24,0.04,-0.23,-0.03,0.1,-0.18,-0.36
"236",-0.74,-0.26,-0.06,0.34,0.26,0.52,0.37,0.03,-0.15,0.01,-0.17,-0.09,0.26,0.03,0.12,-0.13,-0.15,-0.18
"237",-0.23,-0.18,0.12,0.02,-0.31,-0.09,-0.48,0.15,0.35,-0.07,0.9,0.28,-0.17,-0.2,-0.04,0.23,-0.35,0.07
"238",-0.44,-0.44,0.08,0.35,0.26,0.17,-0.46,-0.13,-0.05,-0.36,0.65,0.48,0.17,0.05,0.21,0.27,-0.61,-0.2
"239",0.11,-0.27,0.07,0.02,0.11,0.11,0.15,0.11,0.02,-0.16,-0.08,-0.11,-0.03,-0.25,0.11,-0.11,0.25,-0.06
"241",-0.23,-0.48,-0.46,-0.14,0.34,0.13,0.56,-0.01,0.06,-0.02,-0.48,-0.14,0.22,0.06,0.19,0.18,0.22,0.01
"243",-0.21,0.36,0.35,-0.03,0.02,0.09,0.04,-0.24,0.11,-0.19,-0.08,-0.23,0.16,-0.21,0.21,0.08,-0.14,-0.08
"244",-0.65,-0.81,0.24,0.26,0.11,-0.04,-0.01,-0.43,-0.4,-0.78,-0.23,0.45,0.76,0.69,0.59,0.65,-0.33,-0.09
"245",0.12,0.05,-0.68,-0.51,-0.59,0.35,0.01,0.14,0.81,0.22,-0.31,-0.2,-0.01,-0.01,-0.12,0.37,0.14,0.23
"246",-1.22,-0.05,0.06,0.01,-0.62,0.18,-1.05,-1.16,-0.84,0.16,0.88,1.59,0.94,0.59,0.23,0.34,-0.01,-0.1
"248",0.1,-0.05,-0.12,-0.45,-0.88,-0.57,-1.34,2.22,-1.09,-0.12,0.77,0.89,0.6,0.33,0.07,0.17,-0.21,-0.38
"249",-0.13,0.65,-0.56,-0.95,-0.02,0.45,1.03,-0.12,-0.12,-0.1,-0.04,-0.2,-0.33,-0.33,0.33,0.35,0.14,-0.05
"250",-0.32,1.04,0.29,-0.47,-0.34,-0.12,-0.12,-0.12,0.38,0.47,0.36,-0.09,-0.18,-0.53,-0.32,-0.03,-0.12,0.2
"251",-0.95,-0.31,0.09,0.12,-0.2,-0.4,-0.75,-0.37,-0.24,0.05,1.12,0.91,0.79,0.2,0.26,0.12,-0.31,-0.16
"252",0.17,0.02,-0.03,-0.67,-0.85,-0.55,-0.55,0.52,1.04,0.32,0.84,0.17,-0.25,-0.4,-0.12,0.15,0.18,-0.02
"253",-0.22,-0.05,-0.15,-0.11,0.38,0.12,0.36,-0.08,-0.05,-0.1,-0.37,0.12,0.2,-0.15,0.05,0.16,0.05,-0.2
"255",-1.79,-0.05,2.13,1.75,0.23,0.15,-0.66,-0.77,-0.73,-0.15,1.14,1.41,0.46,-0.21,-0.77,-0.56,-1.04,-0.58
"256",-0.58,-0.1,-0.45,-0.05,0.04,0.41,0.14,0.14,0.04,0.22,-0.29,-0.2,0.14,0.18,0.08,0.35,0.01,-0.08
"257",0.23,-0.4,0.28,-0.23,0.16,-0.25,0.21,-0.23,0.12,-0.08,0.22,-0.01,0.03,-0.05,0.3,-0.03,0.08,-0.34
"259",0.07,0.06,0.09,-0.06,0.35,-0.18,0.23,0.04,0.35,-0.13,-0.3,-0.18,-0.13,-0.17,0.45,-0.2,-0.27,-0.02
"260",0.51,-0.16,0.11,-0.32,-0.28,-0.45,0.12,-0.1,0.31,0.12,0.07,0.04,0.01,-0.32,-0.21,-0.01,0.34,0.22
"261",0.78,0.37,-0.09,0.07,0.03,0.25,0.02,0.34,0.25,-0.16,-0.14,-0.51,-0.21,-0.05,-0.14,-0.56,0.1,-0.35
"262",-0.46,-0.62,0.71,1.06,0.63,0.15,-0.04,-0.49,-0.57,-0.36,0.22,0.44,0.64,-0.19,-0.06,-0.53,-0.09,-0.4
"263",-0.53,-0.61,0.76,0.8,0.53,0.31,-0.05,-0.45,-0.51,-0.41,0.4,0.51,0.39,0.18,0.01,-0.34,-0.21,-0.75
"264",-0.33,-0.05,0.17,0.41,0.24,0.32,-0.13,0.03,0.09,0.06,-0.04,0.12,0.06,-0.06,-0.35,-0.09,-0.28,-0.21
"265",-0.58,-0.74,-0.35,-0.64,-0.38,-0.11,0.57,0.47,0.54,0.26,0.24,-0.11,0.04,-0.23,0.02,0.08,0.58,0.34
"266",-1.13,-0.05,-0.48,-0.57,-0.75,0.14,0.18,0.38,0.58,0.81,0.36,0.08,-0.08,-0.45,-0.08,0.32,0.46,0.23
"267",-0.28,-0.05,0.18,0.07,0.23,-0.06,-0.13,0.09,-0.12,-0.27,0.23,-0.36,0.31,-0.1,0.36,0.35,-0.37,-0.13
"268",-0.32,-0.65,0.87,1.1,1.17,0.44,0.37,-0.93,-1.45,-0.57,0.15,0.92,0.81,0.12,0.15,-0.39,-0.6,-1.2
"271",-0.11,-0.05,-0.18,-0.09,-0.05,0.01,-0.13,0.04,0.24,-0.09,0.26,0.14,0.13,-0.32,-0.11,0.09,-0.06,0.24
"272",0.53,0.18,-0.09,-0.41,-0.56,-0.67,-0.67,-0.63,-0.23,-0.48,0.44,0.35,0.62,0.53,0.65,0.6,-0.11,-0.06
"273",-0.38,0.16,0.28,0.19,0.16,-0.09,-0.05,-0.29,-0.45,-0.15,-0.01,0.58,0.35,0.04,-0.05,-0.13,0.04,-0.21
"274",0.21,-0.4,-0.14,-0.2,0.02,-0.17,0.36,0.24,0.17,-0.06,-0.06,-0.04,-0.07,-0.17,0.13,0.14,0.11,-0.07
"276",0.06,-0.23,-0.28,-0.38,0.08,-0.03,0.05,0,0.34,-0.14,0.48,-0.09,0.33,-0.16,0.2,0.09,-0.34,0.02
"277",0.1,0.06,-0.23,0.12,0.12,-0.01,-0.21,-0.01,0.27,-0.19,0.2,0.06,0.21,-0.04,-0.12,0.07,-0.25,-0.14
"278",0.2,-0.05,0.24,0.23,0.55,0.39,0.78,0.41,0.82,0.36,-0.1,-0.93,-0.7,-0.74,-0.31,-0.34,-0.51,-0.29
"279",0.08,-0.07,0.38,0.07,0.28,0.05,0.35,-0.05,0.31,-0.04,0.1,-0.22,-0.04,-0.45,-0.2,-0.39,0.08,-0.25
"280",-0.53,-0.23,0.98,1.06,0.14,-0.44,-0.44,-0.77,-0.18,0.02,0.53,0.72,0.2,-0.21,-0.14,-0.11,-0.42,-0.16
"281",-0.03,-0.23,0.25,-0.54,-0.39,-0.37,-0.33,-0.14,0.78,0.56,0.56,0.1,-0.11,-0.13,-0.39,0.11,0.04,0.28
"282",-0.31,-0.05,-0.15,-0.46,-0.03,-0.23,-0.37,0.25,0.17,0.04,0.02,0.08,-0.37,-0.1,-0.2,0.7,0.23,0.73
"284",-1.16,-0.15,1.02,0.77,-0.15,-0.07,-0.8,-0.62,-0.23,0.39,0.88,1.02,0.16,-0.13,-0.24,-0.08,-0.49,-0.11
"285",-0.46,-0.17,0.71,0.73,0.1,-0.22,-0.46,-0.62,-0.17,0.08,0.49,0.78,0.29,-0.09,-0.27,0.02,-0.68,-0.07
"287",0.34,-0.23,-0.03,-0.48,0.17,0.09,0.31,0.01,0.01,-0.21,-0.21,-0.25,-0.13,-0.07,0.06,0.22,-0.19,0.57
"291",1.46,0.17,-0.15,-0.18,-0.09,0.1,0.23,-0.09,0.07,-0.37,-0.29,-0.37,-0.08,-0.25,0,0.34,-0.37,-0.12
"292",-0.29,-0.27,0.03,0.13,0.34,0.27,0.48,0.19,-0.42,-0.35,-0.42,-0.07,0.3,-0.05,0.27,0.05,0.22,-0.42
"296",0.18,0.22,-0.17,-0.17,0.05,-0.07,-0.19,-0.08,-0.1,-0.41,0.59,0.14,0.44,0.18,0.11,-0.07,-0.43,-0.23
"297",0.18,-0.15,-0.24,-0.07,0.21,0.33,0.37,-0.13,-0.02,-0.26,-0.2,-0.09,0.12,-0.15,0.36,0.15,-0.22,-0.2
"298",0.09,-0.24,0.1,-0.01,0.1,-0.14,0.17,-0.15,-0.17,-0.22,-0.05,0,0.29,0.09,0.33,0.07,0.01,-0.28
"299",-0.07,-0.38,-0.12,-0.02,0.15,0.03,0.45,0.18,0.07,-0.2,-0.26,-0.24,0.01,-0.15,0.25,0.05,0.41,-0.16
"301",0.34,0.24,0.55,0.65,0.13,-0.04,0.07,-0.32,-0.38,-0.32,-0.13,0.18,0.21,-0.29,-0.19,-0.45,0.05,-0.23
"302",-0.21,0.24,-0.1,0.31,0.11,0.16,-0.04,-0.43,-0.17,0.21,0.14,0.05,0.45,0.05,-0.02,-0.1,-0.35,-0.3
"303",0.18,0.1,0.38,-0.15,-0.26,-0.4,-0.33,0,-0.2,0.18,0.84,0.33,0.27,-0.29,-0.15,-0.07,-0.42,0
"304",-0.83,0.35,-0.25,0.26,0.14,0.3,-0.35,-0.12,-0.17,0.29,0.14,0.34,0.31,-0.16,0.16,0.11,-0.27,-0.25
"305",-0.12,-0.65,-0.43,-0.43,0.24,0.09,0.54,0.23,0.27,0.07,-0.17,-0.14,-0.01,-0.16,-0.02,0.2,0.41,0.07
"306",-0.84,-0.78,1.16,-0.05,0.1,0.22,0.41,0.3,0.16,0.09,-0.09,-0.3,-0.21,-0.3,-0.04,-0.24,0.45,-0.04
"308",-0.58,-0.14,-1.04,-0.42,-0.18,0.63,0.5,0.38,0.36,0.21,0.02,-0.16,-0.16,0.07,0.14,0.21,0.04,0.12
"309",-0.85,-0.7,0.81,0.7,0.58,-0.05,-0.3,-0.47,-0.24,-0.24,0.88,0.6,0.33,-0.06,-0.01,0.08,-0.57,-0.49
"310",-0.26,-0.42,-0.04,-0.26,-0.15,-0.4,-0.11,0.21,0.64,0.19,0.77,-0.16,-0.02,-0.18,-0.09,0.21,-0.16,0.25
"311",0.52,-0.05,-0.36,-0.27,-0.52,-0.22,-0.13,0.27,0.69,0.29,0.09,-0.01,-0.06,-0.56,-0.39,-0.24,0.51,0.39
"314",-0.31,-0.19,0.64,0.32,0.19,-0.11,0.27,-0.23,-0.4,-0.04,0.16,0.22,-0.07,0.12,-0.1,-0.28,-0.24,0.06
"316",-1.34,-0.38,0.03,0.73,0.34,0.75,0.16,0.15,-0.22,-0.46,-0.49,0.19,0.11,0.32,0.14,0.22,-0.19,-0.03
"318",0.18,-0.36,-0.38,-0.12,0.03,-0.07,0.41,0.24,0.05,0.12,-0.18,-0.12,-0.09,-0.32,0.06,0.17,0.21,0.17
"319",0.37,-0.04,0.15,-0.2,-0.1,-0.25,0.31,-0.06,0.17,-0.06,-0.07,-0.03,-0.04,-0.16,0.19,0.06,-0.32,-0.06
"324",-0.26,-0.61,-0.37,-0.48,0,-0.29,0.59,-0.08,0.44,0.14,0.17,0.07,0.19,-0.15,0.27,-0.08,0.47,0
"326",-0.29,0.84,0.09,0.32,0.05,-0.08,-0.25,-0.29,-0.11,-0.17,0.34,0.17,0.2,-0.17,0.11,0.07,-0.51,-0.32
"329",-1.09,-0.05,0.82,1.05,0.9,0.01,-0.21,-0.55,-0.68,-0.84,0.4,0.9,0.75,0.18,0.23,-0.07,-1.12,-0.66
"331",0,-0.05,0.03,-0.01,0.03,0.01,0.07,0,0.05,0,0.02,-0.01,0.05,-0.16,-0.02,0.01,-0.01,-0.02
"332",0.13,-0.09,0.17,0.1,0.1,0.22,-0.03,0.14,0.14,-0.58,0.21,-0.18,0.03,-0.13,0.09,0.25,-0.28,-0.3
"333",-0.49,-0.1,-0.79,-0.12,-0.67,0.14,-0.04,0.24,0.23,0.28,0.1,0.04,0.06,0.04,0.26,0.25,0.36,0.23
"335",-0.23,-0.05,-0.66,-0.86,-0.44,-0.25,0.59,0.28,0.71,0.32,-0.14,-0.25,-0.03,-0.36,0.03,0.13,0.74,0.44
"336",0.54,-0.05,0.2,0.26,-0.25,0.16,-0.23,-0.23,-0.06,-0.08,0.06,-0.06,0.29,-0.19,-0.08,-0.1,-0.12,-0.1
"337",2.41,1.11,-0.04,-0.37,-0.39,-0.39,0.03,-0.18,-0.39,-0.71,-0.69,-0.49,-0.15,-0.15,0.31,-0.07,0.38,-0.23
"339",0.52,0.19,0.64,-0.13,0.19,-0.18,-0.06,-0.15,0.13,-0.17,0.64,-0.2,-0.06,-0.38,0.01,0.12,-0.64,-0.47
"340",0.4,-0.05,-0.09,-0.18,0.03,0.39,-0.4,0.17,0.26,0.21,-0.2,-0.02,0.02,-0.36,-0.66,-0.2,0.19,0.45
"343",-0.51,-0.73,-0.46,-0.67,0.57,0.76,0.57,0.18,0.27,-0.23,0.44,-0.89,-0.34,-0.04,0.7,0.26,0.35,-0.24
"344",-0.28,-0.28,0.1,0.34,0.42,0.34,0.13,-0.33,-0.24,-0.06,-0.3,-0.04,0.43,-0.2,0.13,-0.12,0.11,-0.14
"345",0.08,0.11,0.06,-0.01,0.21,-0.18,0.36,-0.04,0.04,-0.11,-0.28,-0.24,0.03,-0.13,0.04,0.01,0.09,-0.06
"347",-0.94,-0.54,0.03,1.23,0.75,0.32,-0.35,-0.69,-0.6,-0.54,0.04,1.2,0.78,0.13,0.17,-0.02,-0.11,-0.83
"348",-0.32,-0.05,0.65,1.27,0.47,0.24,-0.3,-0.52,-0.75,-0.57,-0.05,0.69,0.57,0.25,-0.02,-0.09,-0.78,-0.72
"349",-0.59,-0.22,-0.24,0.07,-0.08,0.67,0.13,0.13,-0.08,0.26,-0.54,0.09,-0.02,-0.13,0.22,0.3,0.09,-0.08
"352",0.32,0.13,0.4,-0.18,-0.05,-0.13,-0.13,0.02,0.01,0.08,-0.1,0.05,0.02,-0.15,-0.38,0.13,-0.17,0.13
"353",0.03,0.31,-0.14,-0.03,-0.35,0.33,-0.19,-0.07,0.1,0.29,-0.07,0.31,-0.05,-0.08,-0.69,0,0.1,0.2
"354",-0.34,-0.27,0.75,0.57,0.3,-0.38,-0.16,-0.54,-0.28,0,0.48,0.66,0.42,-0.27,-0.16,-0.3,-0.3,-0.18
"355",-0.51,-0.2,-0.48,-0.18,0.08,0.22,0.38,0.22,0.16,-0.2,-0.18,-0.2,0.06,0.08,0.39,0.55,-0.17,-0.02
"356",-0.28,1.07,0,-0.03,-0.43,0.63,0.41,0,-0.2,0.19,-0.49,0.19,-0.12,-0.43,-0.36,0.03,-0.17,-0.03
"357",0.23,0.28,0.41,0.35,0.15,-0.07,-0.02,-0.33,-0.11,-0.2,0.23,0.02,0.21,-0.35,0,-0.02,-0.35,-0.42
"358",-0.1,0.61,0.67,1.02,-0.01,0.21,-0.38,-0.24,-0.42,0.04,-0.34,0.07,-0.01,-0.1,-0.21,-0.22,-0.32,-0.3
"359",-0.76,-0.31,0.2,0.77,0.21,0.3,-0.28,0,-0.26,-0.31,0.32,0.31,0.19,0.1,-0.04,0.2,-0.31,-0.35
"360",-1.25,-0.33,0.11,0.71,0.18,0.42,-0.27,0.02,-0.43,0.22,0.05,0.54,0.22,0.11,-0.05,0.1,-0.18,-0.17
"361",0.36,0.26,-0.08,-0.12,-0.51,-0.43,-0.34,-0.12,0.35,0.41,0.24,0.03,0.22,-0.19,-0.1,-0.03,-0.14,0.19
"362",-0.86,-0.92,-0.62,-0.53,-0.14,0.01,0.73,0.79,1.17,0.13,0.21,-0.49,-0.65,-0.7,0.11,0.41,0.76,0.59
"363",-0.02,-0.05,0.54,0.28,0.04,0.05,0.5,0,0.52,-0.21,-0.44,-0.42,-0.09,-0.56,0.02,-0.31,0.21,-0.09
"368",-0.04,-0.2,-0.43,-0.76,-0.58,-0.2,-0.53,-0.83,-0.76,-0.04,0.5,1.34,1.21,0.47,0.71,0.42,-0.01,-0.29
"369",-0.68,-0.3,0.91,0.89,0.99,0.94,0.61,0.1,0.5,0.07,0.3,-0.57,-0.72,-0.7,-0.68,-0.79,-0.23,-0.63
"371",-1.17,-0.68,-0.68,0.03,0.33,0.5,0.13,0.1,-0.05,0.05,-0.21,0.32,0.15,0.08,0.38,0.68,0.01,0.03
"372",0.02,0.1,-0.17,-0.15,0.06,0.22,0.27,0.35,0.03,-0.06,-0.45,-0.27,-0.15,-0.22,-0.03,-0.01,0.46,0
"374",-0.43,-0.47,-0.18,0.26,0.41,0.32,0.6,0.03,0,-0.37,-0.35,-0.18,0.32,0.09,0.41,-0.06,0.03,-0.45
"375",-0.23,-0.2,-0.4,0.2,0.12,0.27,0.23,0.23,0.34,-0.16,0.01,-0.15,0.15,-0.2,-0.01,0.16,-0.18,-0.2
"376",-0.42,-0.05,-0.31,0.11,-0.03,0.36,0.18,0.01,0.11,0.24,-0.1,-0.24,0.03,-0.18,0.23,0.24,-0.1,-0.14
"377",-0.52,-0.05,-0.18,-0.08,-0.06,0.31,0.38,0.46,0.23,-0.16,-0.37,-0.41,0.04,-0.11,0.21,0.34,0.05,-0.13
"379",-1.92,-2.32,-0.87,-0.32,0.44,0.19,1.13,0.64,0.79,-0.01,-0.09,-0.25,0.44,0.23,0.72,0.37,0.88,-0.04
"380",0.69,0.72,0.88,0.32,-0.73,-1.55,-1.37,-1.25,0.03,0.76,1.48,1.09,0.73,-0.14,-0.33,-0.65,-0.79,0.11
"384",-1.53,-0.12,0.55,-0.01,-0.58,-0.22,0.16,-0.09,-0.16,1.02,0.88,0.46,0.1,-0.39,-0.37,-0.24,0.07,0.47
"386",-1.42,-1.01,0.25,-0.3,0.2,-0.48,0.26,-0.37,0.09,0.12,0.64,0.52,0.91,0.07,0.39,-0.23,0.33,0.03
"388",-0.5,-0.28,-0.2,-0.01,-0.08,-0.02,-0.63,-0.4,-0.42,-0.46,0.69,0.42,0.71,0.44,0.72,0.42,0.07,-0.46
"389",-0.51,-0.53,0.91,0.65,0.06,-0.36,-0.16,-0.77,-0.16,0.24,0.58,0.77,0.34,-0.36,-0.18,-0.18,-0.29,-0.03
"390",-0.17,-0.38,0.21,0.17,0.39,0.23,0.61,0.05,-0.12,-0.29,-0.24,-0.36,-0.09,-0.19,0.33,0.03,0.28,-0.46
"392",0.5,-0.23,0.36,-0.19,0.28,-0.06,0.15,-0.23,0.06,0.13,-0.17,-0.06,0.15,-0.27,-0.02,-0.06,-0.36,0
"393",-0.48,-0.2,0.22,0.54,0.13,0.38,-0.2,-0.09,-0.34,0.14,0,0.29,0.44,-0.09,0,0.03,-0.41,-0.37
"394",0.05,-0.3,0.01,-0.34,-0.19,0.23,0.78,0.66,0.71,-0.45,0.32,-0.55,-0.4,-0.58,0.13,0.46,-0.24,-0.31
"395",-0.28,-0.35,0.82,0.58,0.19,0.02,-0.51,-0.22,-0.4,-0.22,1.07,0.11,0.07,-0.16,0.1,0.13,-0.6,-0.53
"396",-0.19,-0.34,0.37,0.37,0.41,-0.12,0.08,-0.07,-0.07,-0.05,-0.02,0.15,0.3,-0.4,-0.07,-0.32,0.15,-0.19
"397",-0.44,-0.22,-0.18,0.2,0.42,0.39,0.44,-0.05,-0.18,-0.08,-0.08,-0.2,0.26,-0.22,0.17,-0.24,0.5,-0.49
"399",-0.74,-0.48,-1.1,-0.83,-0.51,0.09,0.63,0.62,0.75,0.49,0.02,-0.12,-0.61,-0.22,0.12,0.66,0.67,0.55
"401",-0.18,-0.36,-0.19,-0.18,-0.07,0.13,0.47,0.24,0.33,-0.24,0.31,-0.07,-0.23,-0.18,0.32,0.41,-0.36,-0.15
"402",-0.41,-0.23,0.23,0.08,0.39,0.3,0.52,0.1,0.34,0.07,0.23,-0.14,0.03,-0.8,-0.08,-0.39,0.1,-0.32
"403",0.42,0.61,0.24,0.4,0.04,0.38,-0.13,-0.45,-0.19,0.17,-0.17,-0.22,0.32,-0.16,-0.47,0.04,-0.38,-0.62
"404",0.16,0.53,0.03,0.3,0.23,-0.3,-0.32,-0.47,-0.07,-0.18,0.39,0.04,0.12,-0.23,0.06,0.11,-0.01,-0.37
"405",0.01,0.01,0.17,-0.14,-0.04,0.3,1.17,0.66,0.27,-0.36,0.19,-0.26,-0.09,-1.07,0.07,-0.58,0.07,-0.34
"406",-0.1,-1.06,-0.67,-0.82,0.03,-0.08,0.92,-0.01,0.54,-0.01,0.07,-0.33,0.23,-0.22,0.35,0.15,0.6,0.41
"408",-0.65,0.67,0.37,0.45,0.24,0.06,0.09,-0.08,-0.01,-0.27,-0.37,-0.39,-0.06,-0.23,0.22,0.3,-0.28,-0.06
"409",-0.33,-0.27,0.24,0.18,0.3,-0.12,-0.44,0.19,-0.39,-0.61,0.95,0.24,0.19,-0.2,0.28,0.36,-0.57,-0.02
"411",0.2,1.5,0.25,0.04,-0.2,-0.18,-0.31,-0.24,-0.4,-0.03,-0.18,0.04,0.09,-0.03,-0.09,-0.05,-0.33,-0.07
"412",-0.8,0.01,0.86,0.84,0.51,0.14,-0.4,-0.64,-0.8,0.41,0.88,0.75,0.46,-0.27,-0.1,-0.23,-0.42,-1.21
"414",0.01,-0.49,0.03,-0.31,0.77,0.54,0.44,-0.1,0.08,-0.04,0.07,-0.49,-0.25,0.04,0.07,-0.1,0.33,-0.62
"415",0.18,0.74,0.43,0.42,-0.29,0.24,0.06,0,-0.06,0.16,-0.22,-0.26,-0.26,-0.67,-0.09,-0.12,-0.02,-0.23
"416",-0.12,0.04,0.49,0.94,0.9,0.51,0.57,-0.29,-0.45,-0.77,-0.27,-0.21,0.4,-0.12,0.11,-0.54,-0.32,-0.88
"417",-0.58,0.15,0.39,0.96,0.7,0.87,0.22,-0.19,-0.48,-0.37,-0.37,-0.09,0.3,-0.2,0.1,-0.3,-0.32,-0.8
"420",-1.1,0.26,0.24,-0.26,0.03,0.7,1.6,0.72,-0.15,1.41,-2.07,-2.13,-0.78,-0.45,0.82,0.5,0.89,-0.23
"421",-0.12,-0.59,-0.32,-0.43,0.18,-0.41,0.6,-0.03,0.16,-0.36,-0.43,-0.66,0.27,-0.1,0.96,0.18,0.92,0.18
"422",-0.28,-0.43,-0.02,0.38,0.8,-0.02,0.17,-0.16,-0.58,-0.43,-0.22,0.53,0.69,0.08,0.05,-0.15,-0.11,-0.28
"423",0.39,-0.14,0.28,0.13,0.19,-0.03,0.03,-0.44,-0.59,-0.42,-0.03,0.14,0.35,-0.08,0.35,-0.01,0.19,-0.33
"424",1.22,0.84,0.8,0.15,-0.16,-0.58,-0.28,-0.17,-0.1,0.08,-0.09,0.17,-0.28,-0.67,-0.58,-0.34,0.09,-0.12
"425",-0.32,-0.11,0.36,0.55,0.15,0.12,-0.37,-0.46,-0.23,0.45,0.42,0.45,0.38,-0.34,-0.19,-0.15,-0.56,-0.13
"426",-0.9,-0.23,0.51,1.01,0.52,0.18,-0.33,-0.56,-0.64,-0.49,0.46,0.77,0.72,-0.04,0.04,-0.03,-0.67,-0.33
"429",-0.16,-0.33,-0.38,-0.36,-0.98,0.18,0.39,0.18,0.52,0.56,0,-0.11,0.09,-0.24,-0.07,0.16,0.16,0.39
"430",0.11,0.27,0.55,0.48,0.24,-0.22,0.24,-0.29,-0.02,-0.26,-0.21,-0.24,-0.07,-0.46,-0.07,-0.17,0.52,-0.39
"431",0.19,1.21,0.66,-0.05,-0.85,-1.71,-1.51,-1.51,-0.61,1.03,2.18,1.43,0.92,0.03,-0.12,-0.57,-0.78,0.05
"432",-0.46,0.85,-0.03,-0.46,-1.7,-1.18,-2.24,-1.53,-1,1.59,2.53,2.03,1.35,0.15,0.1,-0.53,0.02,0.51
"433",-0.4,-0.57,0.28,0.44,0.71,0.23,-0.03,-0.42,-0.28,-0.3,0.44,0.14,0.37,0.06,0.19,0.02,-0.57,-0.3
"436",-0.63,-0.05,0.01,-0.01,0.03,-0.16,0.03,0,0.05,0.56,0.02,-0.01,0.52,0.19,-0.16,0.15,-0.42,-0.09
"437",0.68,-0.02,0.13,-0.29,-0.29,-0.54,-0.41,-0.71,-0.47,-0.35,0.09,0.53,0.48,0.41,0.51,0.51,-0.19,-0.09
"438",-0.38,-0.15,-0.38,-0.08,0.11,0.45,0.16,0.34,0.31,-0.01,0.29,-0.26,-0.36,-0.11,0.06,0.3,-0.03,-0.26
"439",0.2,-0.61,0.13,-0.85,-0.99,-1.14,-1.5,-1.14,0.11,2.09,2.18,1.21,0.47,0.09,-0.37,-0.28,-0.5,0.9
"440",0.64,0.07,0.14,-0.46,0.2,-0.84,-0.88,-0.39,0.19,0.4,1.49,0.24,-0.21,-0.39,0.1,0.12,-0.32,-0.1
"442",0.47,0.15,0.69,1.36,0.74,0.4,-0.39,-0.86,-1.21,-1.69,-0.64,0.54,0.98,0.62,0.61,-0.1,-0.66,-1
"443",0.46,-0.29,1.06,0.98,0.9,0.26,-0.23,-1.28,-1.44,-1.46,-0.54,0.83,1.03,0.95,0.82,-0.32,-0.52,-1.23
"444",-0.2,-0.08,0.02,-0.26,-0.14,-0.22,0.23,0.24,0.27,0.33,-0.1,-0.03,-0.18,-0.03,-0.18,0.04,0.21,0.04
"447",-0.4,-0.04,-0.16,-0.28,0.25,-0.1,0.35,0.34,0.07,0.15,-0.35,-0.06,-0.16,-0.16,0.03,0.14,0.32,0.05
"448",1.25,0.67,0.64,0.3,0.39,-0.3,0.41,-0.1,0.42,0.26,0.01,-0.77,-0.65,-1.07,-0.43,-0.77,-0.01,-0.27
"449",0.17,-0.09,0.01,-0.19,0.1,-0.19,0.56,0.14,0.16,0,-0.09,-0.23,0.13,-0.35,0.2,-0.04,-0.27,-0.04
"450",-0.02,0.24,-0.21,-0.64,0.12,0.14,0.76,0.09,0.12,0.09,-0.14,-0.19,-0.08,-0.33,0.02,0.12,-0.02,-0.08
"451",-0.48,0.56,1.36,0.65,-0.14,0.04,-0.58,-0.56,-0.75,0.45,0.71,0.55,0.02,-0.16,-0.93,-0.07,-0.39,-0.44
"452",-0.1,0.07,-0.76,-0.15,-0.21,-0.19,0.12,0.12,0.29,0.43,0.24,0.24,0.06,-0.01,-0.31,0.07,-0.21,0.29
"453",-0.49,-0.54,-0.07,0.48,0.31,0.06,0.18,-0.18,-0.34,-0.07,0.12,0.44,0.31,-0.07,0.28,-0.18,0.12,-0.36
"454",1.26,0.46,0.51,-0.01,0.03,-0.04,0.05,-0.43,-0.46,-0.22,-0.17,-0.14,0.02,-0.22,-0.01,-0.28,-0.09,-0.27
"455",-0.21,1.07,0.2,-0.01,0.03,0.23,-0.16,-0.03,-0.23,0.25,-0.23,-0.01,0.01,-0.16,-0.03,-0.35,-0.51,-0.02
"457",-0.4,-0.64,0.32,0.39,0.27,0.62,0.68,-0.11,-0.13,-0.42,-0.4,-0.2,0.23,-0.2,0.34,0.07,-0.02,-0.42
"461",0.11,0.11,-0.08,-0.78,-0.16,0.25,1.34,0.25,0.3,-0.06,-0.1,-0.26,-0.16,-0.83,0.07,-0.16,0.41,-0.24
"462",-0.12,-0.16,0.24,-0.18,0.05,0.34,0.55,0.35,0.03,-0.09,0.16,-0.27,-0.43,-0.4,-0.05,-0.06,0.19,-0.14
"463",-0.42,-0.32,0.59,0.54,0.38,-0.06,-0.73,-0.09,-0.07,-0.15,1.35,0.31,-0.12,-0.17,0.17,0.24,-0.68,-0.79
"464",-0.76,-0.09,0.68,0.7,-0.1,-0.04,-0.29,-0.53,-0.2,0.35,0.02,0.75,0.06,-0.07,0.02,0.15,-0.35,-0.27
"467",-0.1,-0.2,0.15,-0.43,-0.29,-0.1,0.49,0.2,0.47,0.23,-0.16,-0.21,-0.3,-0.11,0.17,-0.22,0.33,0.08
"469",0.55,0.09,-0.09,-0.18,0.18,0.07,0.18,0.52,-0.09,0.01,-0.32,-0.18,0.31,-0.25,-0.2,-0.16,-0.32,-0.09
"471",-0.97,-0.05,0.37,0.64,0.12,-0.3,-0.86,-0.86,-0.86,0.75,1.42,1.11,0.67,0.01,-0.03,-0.4,-0.69,-0.14
"473",-0.96,-1.35,-0.87,-0.56,0.39,0.29,1.1,0.22,0.51,0.11,0.06,-0.13,0.24,-0.08,0.52,0.15,0.53,-0.16
"474",0,-0.09,-0.15,-0.1,0.06,-0.43,0.31,0.26,0.3,0.26,0.06,-0.12,-0.23,-0.41,-0.07,0,0.15,0.19
"476",-0.66,0.1,-0.57,-0.21,-0.45,-0.42,-0.77,-0.53,-0.47,0.81,1.41,1.01,0.68,0.21,-0.04,-0.09,-0.28,0.27
"477",-0.11,-0.21,-0.07,-0.23,-0.17,-0.19,0.22,0.08,0.26,0.17,0.05,0.25,-0.16,-0.12,-0.09,0.14,0.01,0.18
"478",-0.24,-0.13,-0.04,0.09,-0.16,0.01,0.07,-0.04,0.13,-0.16,0.22,-0.04,-0.09,0.09,0.13,0.29,-0.06,-0.01
"479",-0.4,-0.36,-0.6,-0.5,-0.57,0.06,0.26,0.44,0.65,0.78,0.11,0.13,-0.17,-0.45,-0.21,0.14,0.26,0.41
"480",0.71,-0.2,-0.39,-0.37,-0.2,0.06,0.21,0.03,0.13,-0.35,0.21,0.01,0.17,-0.13,0.17,0.28,-0.2,-0.1
"481",-0.24,-0.05,-0.42,-0.17,-0.4,0.02,0.16,-0.07,0.49,0.32,0.26,0.08,0.16,-0.47,0.01,0.1,-0.13,0.35
"482",-0.63,-0.19,0.91,0.75,0.49,0.08,-0.29,-0.33,-0.46,-0.33,0.41,0.6,0.34,-0.14,-0.24,-0.14,-0.44,-0.37
"483",0.3,0.32,0.37,0.41,-0.09,0.38,-0.36,-0.1,-0.36,-0.45,0.16,0.37,-0.09,0.03,-0.16,-0.09,-0.21,-0.45
"485",0.11,-0.17,0.2,0.23,0.41,0.28,0.15,-0.12,-0.26,-0.13,-0.11,-0.04,-0.2,-0.2,-0.12,-0.04,0.18,-0.16
"486",-0.29,0.02,0.41,0.07,0.45,0.15,0.44,0.45,0.34,0.22,-0.26,-0.16,-0.13,-0.46,-0.54,-0.18,-0.46,-0.09
"488",0.12,-0.28,0.19,0.27,0.46,0.09,0.22,-0.09,-0.12,-0.06,-0.14,0.04,0.24,-0.34,0.09,-0.34,0.07,-0.43
"490",0.34,0.03,-0.14,-0.58,-0.29,-0.2,0.94,0.44,0.49,0.04,-0.11,-0.38,-0.2,-0.66,-0.05,-0.02,0.34,0
"492",-1.26,-0.36,-0.78,-0.47,-1.04,0.03,0.5,0.77,1.19,1.06,0.33,-0.04,-0.65,-0.78,-0.3,0.5,0.51,0.79
"493",1.11,0.24,-0.95,-0.81,-0.74,-0.39,-0.42,-0.88,-0.2,1.24,1.53,0.97,0.34,-0.11,-0.61,-0.13,-0.22,0.03
"496",-0.91,-0.14,-0.24,0.59,0,0.2,-0.13,-0.28,0.21,0.21,0.11,0.7,0.2,-0.32,0.13,-0.09,-0.11,-0.14
"497",-0.93,-1.34,-1.37,-0.77,-0.29,0.15,0.37,0.4,0.65,0.71,0.49,0.39,0.14,0.04,0.22,0.44,0.25,0.44
"498",0.68,0.02,-0.05,-0.39,0.02,-0.12,0.62,0.04,0.12,-0.05,-0.31,-0.37,-0.12,-0.33,0.12,0.05,0.13,-0.07
"499",-0.08,-0.14,0.08,-0.32,0.14,-0.12,0.28,0.07,-0.01,-0.01,0.03,0.08,0.12,-0.32,0.08,-0.04,0.25,-0.08
"504",0.19,0.08,-0.05,-0.73,-0.11,-0.21,-0.09,0.05,0.31,0.41,-0.15,0.16,-0.09,-0.21,0.05,-0.13,0.12,0.39
"507",1.18,0.92,0.5,-0.17,-1.17,-1.43,-1.58,-2.17,-2.17,-1.75,0.06,1.4,1.88,1.31,1.52,0.95,0.57,0.16
"509",0.79,-0.02,0.06,-0.13,0.2,0.25,-0.15,0.2,0.23,0.03,-0.12,-0.27,-0.21,-0.1,-0.37,-0.18,-0.16,-0.05
"510",-0.05,-1.09,-0.97,-0.62,0.35,0.42,0.95,-0.36,-0.8,-0.62,0.53,0.57,0.85,0.37,0.69,0.29,0,-0.51
"511",0,0.17,0.58,0.01,0.04,0.09,0.47,0.68,0.18,0.01,-0.19,-0.2,-0.15,-0.44,-0.52,-0.36,-0.23,-0.14
"514",-0.34,-0.07,0.41,0.47,0.58,0.12,0.45,-0.16,-0.26,-0.22,-0.47,-0.07,0.22,-0.34,0.17,-0.07,-0.11,-0.3
"515",-0.24,-0.43,-0.01,0.35,0.62,0.15,0.38,-0.59,-0.15,-0.79,-0.43,-0.1,-0.05,0.33,0.39,0.81,0.22,-0.43
"517",0.05,-0.54,-0.35,0.2,-0.04,-0.32,-0.11,-0.19,0.03,0.43,0.36,0.23,0.07,0.1,-0.19,0.12,-0.15,0.29
"519",-0.3,-0.63,-0.17,0.02,0.72,0.19,0.64,-0.21,-0.09,-0.28,-0.17,0.08,0.37,0.14,0.42,-0.28,0.01,-0.49
"521",-0.19,-0.21,-0.32,0.09,0.21,0.34,0.16,-0.25,0.03,0.13,-0.4,0.15,0.23,-0.16,-0.06,0.28,-0.08,-0.11
"522",-0.66,-0.05,0.41,0.89,-0.48,0.34,0.08,-0.15,-0.5,-0.3,0.05,0.19,0.19,0.02,0.11,0.01,-0.1,-0.09
"523",0.41,-0.23,-1.44,-1.9,-1.09,-0.77,-0.12,-0.01,0.73,0.51,0.82,0.44,0.75,0.29,0.29,0.29,0.27,0.75
"527",-0.06,-0.23,-0.57,0.05,0,0.58,0.49,0.23,-0.08,-0.52,-0.57,-0.25,0.05,0.23,0.29,0.5,0.1,-0.23
"528",0.1,0.05,0.58,0.51,0.22,0.14,-0.04,-0.01,-0.12,-0.39,-0.07,0.31,-0.07,-0.22,-0.41,-0.07,-0.24,-0.27
"530",-0.85,0.03,0.84,0.94,-0.25,-0.15,-0.49,-0.51,-0.28,0.19,0.7,1.01,0.26,-0.23,-0.34,-0.23,-0.49,-0.14
"531",-0.74,-0.3,1.41,0.89,-0.06,-0.24,-0.61,-0.44,-0.24,0.03,0.89,0.94,0.08,-0.16,-0.19,-0.13,-0.81,-0.29
"532",-0.71,-0.29,1.25,0.85,-0.02,-0.2,-0.41,-0.49,-0.29,-0.02,0.8,0.86,0.16,-0.26,-0.21,-0.31,-0.29,-0.42
"533",-0.67,-0.46,1.12,1.1,0.16,-0.22,-0.28,-0.48,-0.45,-0.06,0.56,0.87,0.24,-0.35,-0.17,-0.35,-0.17,-0.37
"534",-0.42,-0.09,1.01,0.26,0.27,-0.42,-0.14,-0.72,-0.32,0.26,0.41,0.86,0.33,-0.14,-0.4,-0.3,-0.32,-0.14
"535",-0.53,-0.41,1.07,0.72,0.23,-0.25,-0.26,-0.64,-0.39,0.22,0.75,0.71,0.27,-0.25,-0.11,-0.39,-0.25,-0.49
"536",-0.39,-0.27,-0.07,0.45,0.25,0.29,0.51,-0.15,0,-0.19,-0.17,-0.17,0.34,-0.23,0.36,-0.1,-0.19,-0.27
"537",-0.34,-0.46,0.64,0.48,0.12,0.41,-0.29,-0.12,-0.36,-0.29,0.42,-0.07,0.06,-0.24,0.03,-0.27,0.07,0.22
"538",0,-0.05,0.03,-0.01,0.03,0.01,0.07,0,0.05,0,0.02,-0.01,0.05,-0.16,-0.02,0.01,-0.01,-0.02
"542",0.02,-0.16,0.22,-0.04,0.41,0,0,0.16,0.06,-0.12,0.02,-0.04,-0.08,-0.14,-0.14,0.23,-0.17,-0.21
"543",0,-0.05,0.03,-0.01,0.03,0.01,0.07,0,0.05,0,0.02,-0.01,0.05,-0.16,-0.02,0.01,-0.01,-0.02
"544",-0.43,-0.82,-0.09,-0.45,-0.19,0.03,1.19,1.1,0.98,-0.05,-0.28,-1.39,-0.99,-0.62,0.68,0.39,1.08,-0.13
"545",-0.1,-0.66,0.26,0.5,0.54,-0.01,0.17,-0.44,-0.31,-0.09,0.12,0.37,0.25,0.15,-0.04,-0.17,-0.13,-0.42
"546",0.02,-0.48,0.16,0.54,0.54,-0.03,0.14,-0.29,-0.33,-0.12,-0.1,0.04,0.32,-0.17,-0.1,-0.08,-0.1,0.02
"547",-0.09,-0.76,0.02,-0.25,0.21,-0.25,0.36,0.38,0.47,-0.08,-0.08,-0.41,-0.06,-0.27,0.22,0.1,0.57,-0.08
"550",-0.32,-0.32,-0.22,-0.12,-0.03,0.17,0.11,0.22,0.25,0.13,0.11,-0.2,-0.53,-0.2,0.14,0.52,0.11,0.17
"551",-0.96,1.84,1.05,0.45,-0.27,-0.42,-0.63,-0.82,-0.49,0.14,-0.18,0.48,0.26,-0.16,0.09,0.01,-0.06,-0.3
"552",-0.61,-0.1,0.21,0.38,0.07,0.05,-0.1,-0.42,-0.16,0.27,0.13,0.38,0.29,-0.02,-0.27,-0.06,-0.06,0.02
"553",0,-0.46,0.04,0.03,0.37,-0.02,0.36,-0.11,-0.08,-0.02,0.01,0.04,0.08,-0.22,0.12,0.03,0.04,-0.22
"554",0.3,0.33,0.48,0.15,0.22,-0.2,0.3,-0.49,0.04,0.04,0.05,0.05,0.07,-0.34,0,-0.47,-0.14,-0.4
"556",0.5,0.2,0,-0.31,0.08,-0.08,0.19,-0.12,-0.39,-0.1,-0.17,-0.1,-0.08,0.13,0.3,0.26,0.07,-0.37
"557",-0.6,-0.9,-0.57,-1.28,-0.1,-0.22,0.52,0.77,1.21,0.58,0.17,-0.24,-0.06,-0.52,-0.4,0.18,0.83,0.62
"558",-0.07,0.65,0.03,-0.36,-0.14,0.01,0.03,-0.39,0.23,0.18,-0.03,0.25,-0.05,-0.01,-0.23,-0.08,-0.03,0.01
"559",-0.56,-0.61,-0.41,-0.46,0.12,-0.04,0.65,0.27,0.66,0.16,0.33,-0.04,0.11,-0.07,-0.02,-0.09,-0.02,0.03
"560",0.16,0.03,-0.24,-0.24,0.14,0.31,0.66,0.25,0.62,0.21,-0.43,-0.58,-0.37,-0.37,-0.07,0,-0.07,-0.02
"561",0,-0.05,0.03,-0.01,0.03,0.01,0.07,0,0.05,0,0.02,-0.01,0.05,-0.16,-0.02,0.01,-0.01,-0.02
"562",-0.99,-1.19,-1.33,-1.59,-0.74,0.05,1.01,0.83,1.22,0.7,0.16,-0.21,-0.53,-0.21,0.32,0.7,1.11,0.7
"563",-0.41,-0.63,-0.19,-0.17,0.03,0.19,0.81,0.53,0.47,-0.01,0.09,-0.37,-0.12,-0.54,0.23,-0.08,0.43,-0.25
"564",-0.28,-0.01,-0.36,-0.16,-0.07,0.53,0.49,0.21,0.04,-0.09,-0.38,-0.14,-0.09,-0.11,0.09,0.03,0.26,0.04
"565",0.16,0.89,1.17,0.7,0.16,0.05,-0.23,-0.86,-0.59,-0.1,1.04,0.88,0.6,-0.25,-0.33,-1.23,-0.99,-1.04
"566",0.26,-0.48,-0.65,-0.3,-0.11,0.14,0.43,0.14,0.23,0.06,0.26,-0.13,0.11,-0.26,0.27,0.08,-0.06,0.01
"569",-1.11,0.86,0.57,-0.01,-0.43,0.84,0.49,-0.72,-0.21,-0.58,0.57,-0.1,0.24,-0.16,0.49,0.01,-0.01,-0.9
"570",-0.12,1.1,-0.19,-0.75,0.07,-0.06,0.45,-0.08,-0.08,0.01,-0.14,-0.15,0.04,-0.06,-0.14,-0.01,0.02,0.09
"572",-0.2,-0.11,0.28,0.44,0.5,0.06,0,-0.1,-0.36,-0.32,0.41,-0.07,-0.09,-0.18,0.22,-0.07,-0.01,-0.41
"574",-1.22,-0.05,0.28,0.19,0.27,0.17,0.46,0.02,-0.08,-0.2,-0.12,0.01,0.15,-0.35,0.26,0.11,0.19,-0.15
"575",0.27,-0.31,-0.28,-0.5,0.2,-0.07,0.37,0.11,0.23,0.4,0.17,-0.18,-0.27,-0.39,0.12,-0.11,0.25,-0.01
"576",0.19,-0.05,-0.18,-0.24,0.02,0.19,0.36,0.11,-0.03,0.05,-0.34,-0.3,-0.09,-0.16,0.17,-0.11,0.16,0.02
"577",-1.3,0.07,0.98,1.12,0.13,0.19,-0.58,-0.63,-0.9,0.09,0.54,1.44,0.42,0.04,-0.4,-0.47,-0.12,-0.61
"578",-0.45,-0.18,-0.45,-0.29,-0.31,0.34,0.29,0.47,0.29,0.1,-0.58,-0.18,-0.18,0.08,0,0.26,0.46,0.31
"579",-0.21,0.38,0.47,0.15,-0.25,-0.2,0.08,0.09,0.28,0.06,-0.16,-0.32,-0.53,-0.58,0.06,-0.11,0.49,0.3
"580",2.17,-0.1,-0.84,-0.7,-0.04,0.29,0.26,-0.08,-0.04,-0.07,-0.66,-0.52,-0.17,0.12,0.17,0.08,0.26,-0.14
"581",-1.56,-0.93,1.29,-0.01,0.94,0.48,0.07,-0.54,-1.11,-0.77,0.66,1.14,0.99,0.3,0.35,-0.02,-0.41,-0.88
"582",-0.16,-0.36,-0.23,-0.15,-0.25,0.11,0.44,0.35,0.43,-0.13,0.17,-0.25,0.08,-0.32,0.22,-0.07,0.23,-0.13
"583",-1.44,-1.64,-1.32,-0.84,0.62,0.69,1.48,0.63,0.48,-0.29,-0.8,-0.72,0.14,0.26,1.02,0.8,0.82,0.1
"584",0.38,0.05,0.29,0.3,0.2,0.06,0.29,-0.01,-0.02,-0.5,-0.21,-0.19,-0.05,-0.24,0.05,0.09,-0.19,-0.33
"585",0.53,-0.33,-0.66,-1.04,-0.8,-0.56,-0.2,-0.18,0,0.27,0.54,0.61,0.6,0.32,0.37,-0.06,0.34,0.25
"586",0,0.22,-0.12,-0.04,-0.44,0.15,-0.09,0.16,0.3,0.45,-0.06,0.18,-0.24,-0.53,-0.29,-0.14,0.19,0.29
"588",0.08,0.37,0.32,0.04,0.11,0.17,0.17,0.2,-0.17,-0.02,-0.29,-0.09,-0.19,-0.28,-0.06,-0.14,-0.11,-0.11
"590",1.9,0.82,0.95,0.66,0.86,-0.01,0.11,-0.92,-1.2,-1.7,-0.61,-0.01,0.72,0.45,0.69,-0.47,-0.6,-1.64
"591",-1.12,-1.64,-0.41,-0.1,0.44,0.36,0.44,0.15,0.01,-0.64,0.01,0.23,0.54,0.8,0.9,0.88,-0.25,-0.6
"592",0.23,0.14,0.1,-0.15,-0.03,0.04,0.46,0.09,0.01,-0.14,-0.31,-0.26,-0.03,-0.49,0.29,-0.14,0.33,-0.15
"593",-0.71,0.05,-0.12,0.64,-0.02,0.43,-0.31,-0.73,-0.56,-0.4,-0.05,0.36,0.63,0.35,0.54,0.14,0.01,-0.23
"594",-2.25,-1.97,-1.74,0.26,1.26,1.4,0.95,0.22,-0.15,-0.97,-0.74,-0.08,1.14,0.96,1.4,0.55,0.11,-0.33
"595",-1.71,-1.35,-1.46,0.11,0.94,1.36,0.73,-0.06,-0.25,-0.71,-0.93,0,0.9,1.12,1.07,0.29,0.24,-0.27
"597",-0.17,-0.24,0.09,-0.3,0.29,-0.01,0.69,-0.03,0.09,-0.22,-0.32,-0.28,0.05,-0.16,0.36,-0.12,0.24,-0.12
"598",-0.43,-0.52,-0.49,-0.01,-0.13,-0.26,-0.04,-0.52,-0.37,0.36,1.22,0.56,0.54,0.03,0.07,-0.11,0.16,-0.08
"599",0.23,0.16,-0.01,-0.02,-0.09,-0.02,0.13,0.21,0.32,-0.19,-0.02,-0.23,0.02,-0.34,-0.12,-0.14,0.14,-0.02
"600",-0.63,-0.57,-0.43,-1.17,-0.69,-0.6,0.26,0.47,1.14,0.91,0.4,0.09,0.07,-0.13,-0.46,0.16,0.23,0.96
"601",-0.63,-0.49,-1.14,-1.81,-0.91,-0.75,0.36,1.06,1.53,0.95,0.54,0.09,-0.1,-0.95,-0.25,0.24,1,1.26
"602",-1,-0.87,0.4,0.71,0.54,0.38,0.31,-0.29,-0.21,0,0.27,0.46,0.46,-0.31,0.02,-0.27,-0.02,-0.58
"603",0.12,0.21,-0.96,-1.11,-0.6,-0.73,-0.91,-0.64,-0.91,0.9,1.56,1.2,0.89,0.23,0.23,-0.06,0.16,0.42
"608",0.03,0.79,1.1,0.88,0.35,0.29,-0.21,-0.14,-0.21,-0.3,-0.03,0,-0.08,-0.08,-0.23,-0.24,-1.43,-0.51
"610",-1.3,-0.06,0.6,0.5,0.21,-0.23,-0.91,-0.57,0.79,0.21,1.12,0.29,0.16,-0.55,-0.19,-0.34,0.12,0.16
"611",0.01,-0.19,0.42,0.38,0.38,0.1,0.21,-0.26,-0.32,-0.47,-0.16,0.05,0.34,-0.14,0.1,-0.32,0.14,-0.26
"612",-0.35,-0.72,0.4,0.34,0.67,0.23,0.46,0.04,-0.19,-0.31,-0.45,-0.07,-0.02,-0.07,0.43,-0.07,0.15,-0.45
"613",-0.27,-0.1,0.36,0.12,0.31,-0.19,0.14,-0.34,-0.14,-0.16,-0.01,0.01,0.31,-0.12,0.2,-0.16,0.28,-0.23
"614",-0.11,-0.17,0.02,-0.19,0.07,-0.1,0.26,-0.01,0.11,0.11,-0.11,-0.08,-0.04,-0.34,0.11,-0.04,0.56,-0.06
"615",-0.61,-0.28,-0.18,-0.07,-0.21,0.46,0.01,0.28,0.22,0.03,0.39,-0.2,-0.25,-0.43,0.26,0.17,0.16,0.26
"616",-0.18,0.75,0.09,-0.12,-0.1,-0.04,-0.43,-0.41,-0.14,0.14,0.07,0.31,0.22,0.91,-0.71,-0.2,-0.18,0.03
"617",-0.11,-0.2,-0.32,-0.26,0.28,0.3,0.09,0.19,0.25,-0.47,0.28,-0.41,-0.15,-0.01,0.6,0.38,-0.01,-0.43
"618",-0.44,-0.17,0.15,0.46,0.13,0.28,-0.03,-0.25,-0.05,-0.05,0.12,0.36,0.1,-0.01,-0.19,-0.29,0.09,-0.21
"619",2.04,0.88,-0.03,-0.6,-0.36,-0.68,-0.53,-1.26,-1.3,0.62,1.38,0.93,0.37,-0.4,-0.28,-0.46,-0.49,0.16
"621",1.17,0.89,1.09,1.16,0.53,0.53,0.71,-0.07,-0.08,-0.65,-0.5,-0.53,-0.43,-0.95,-0.53,-0.63,-0.75,-0.95
"622",-0.63,-0.37,-0.46,-0.35,0.32,0.04,0.36,0.04,-0.01,-0.02,-0.02,-0.2,0.01,-0.15,0.29,0.28,0.12,0.74
"623",-0.4,-0.05,-0.03,0.56,-0.01,0.17,-0.15,-0.08,-0.11,0.19,0.05,0.73,0.26,-0.38,-0.56,0.14,-0.35,-0.04
"624",-0.76,-0.05,0.18,0.57,0.29,0.26,0.03,-0.13,-0.11,0.04,-0.08,0.31,0.21,0.1,-0.15,-0.29,-0.3,-0.13
"625",-0.37,-0.41,0.8,0.91,0.25,-0.03,-0.2,-0.33,-0.52,0.01,0.08,0.64,0.22,-0.18,-0.43,-0.45,-0.37,0.35
"628",-0.31,-0.13,0.04,0.5,0.25,-0.13,-0.2,0,-0.47,0.26,0.26,0.43,0.35,0,-0.42,-0.11,-0.2,-0.11
"629",-0.03,0.73,-0.05,-1.78,0.03,0.43,0.75,0.14,0.15,0.21,-0.02,-0.23,-0.14,-0.11,-0.02,0.1,-0.08,-0.06
"631",0.04,0.62,0.44,0.13,0.18,-0.07,0.09,-0.33,0.1,-0.15,-0.04,-0.2,0.03,-0.4,0.1,-0.55,0.27,-0.24
"632",-1.24,-0.78,0.31,1.46,1.11,0.62,0.07,-0.23,-0.58,-1.01,-0.24,0.23,0.79,0.33,0.54,-0.09,-0.31,-1.01
"633",-0.47,-0.06,0.42,0.39,0.2,-0.04,0.01,-0.06,-0.06,0,0.11,0.31,0.01,0.05,0.07,-0.02,-0.58,-0.28
"634",-0.53,-0.04,0.6,0.51,0.2,-0.01,-0.01,-0.29,-0.37,0.04,0.18,0.31,0.2,-0.21,-0.17,-0.21,-0.21,-0.02
"637",-1.46,-0.05,-1.14,-0.01,-1.29,-1.66,-1.88,-1.46,-2.14,1.6,2.71,2.71,1.93,-0.16,0.82,0.71,-0.38,0.93
"638",-0.58,-0.42,-0.14,1.2,0.25,0.04,-0.2,0.01,-0.33,0.01,0.22,0.32,-0.12,-0.05,-0.12,0.28,-0.22,-0.14
"639",-0.74,-0.28,1.01,0.87,0.38,0.06,-0.52,-0.55,-0.34,0.04,0.88,0.5,0.35,-0.46,0.02,-0.34,-0.28,-0.59
"640",-1.16,-1.32,0.03,0.4,0.52,0.92,0.41,0.23,-0.11,-0.88,0.02,0.12,0.28,0.13,0.75,0.4,-0.11,-0.6
"641",4.44,3.07,1.8,-0.63,-0.71,-1.24,-0.82,-1.35,-1.26,-0.99,-0.48,-0.12,-0.25,-0.16,-0.53,-0.52,-0.38,-0.03
"643",0.39,0.4,-0.47,-0.04,-0.44,0.38,0.21,0.21,-0.05,-0.14,-0.24,0.06,0,-0.22,-0.38,-0.16,0.43,0.05
"644",-0.94,-1.06,-1.35,-1.71,-1.35,-1.35,-1.71,-1.2,-1.71,1.5,2.74,2.44,1.9,0.9,0.97,0.65,0.23,1.06
"646",-0.16,-0.37,0.98,0.32,0.01,-0.35,0.15,-0.53,-0.07,0.2,0.3,0.32,0.02,-0.2,-0.13,-0.4,-0.22,0.12
"647",-1.18,-0.05,-0.94,-0.61,0.12,0.9,0.75,0.38,0.04,-0.42,-0.52,-0.7,0.1,0,0.76,0.31,0.62,0.38
"648",1.23,-0.15,-0.1,-0.37,0.06,0.19,0.13,0.12,0.32,-0.17,-0.25,-0.58,-0.13,-0.16,-0.37,-0.27,0.33,-0.02
"649",1.65,0.64,1.06,0.07,0.29,0,-0.22,-0.24,-0.11,-0.23,-0.44,-0.08,-0.34,-0.31,-0.44,-0.68,-0.35,-0.29
"651",-0.51,0.16,-0.35,0.2,0.3,0.15,-0.01,-0.59,-0.35,0.28,0.46,0.55,0.55,0.11,0.02,-0.35,-0.46,-0.16
"652",-0.19,-0.32,-0.37,-0.31,-0.25,0.28,0.76,0.69,0.53,-0.29,-0.16,-0.82,-0.39,-0.31,0.34,0.21,0.59,-0.01
"653",-0.27,-0.5,0.09,0.33,0.26,0.48,0.19,-0.19,-0.25,-0.27,0.11,0.04,0.01,-0.29,0.01,-0.25,0.01,0.49
"654",-0.48,0.63,0.91,0.56,0.27,-0.13,0.05,-0.38,-0.32,-0.48,-0.09,-0.4,-0.12,-0.16,0.22,-0.23,0.11,0.04
"655",-0.27,-0.25,-0.11,-0.21,0.07,0.32,0.36,0.51,0.38,-0.25,-0.09,-0.41,-0.21,-0.15,0.1,0.19,0.04,-0.02
"656",-0.53,0.27,-0.69,-0.77,-0.72,0.03,0.24,0.53,0.61,0.24,0.21,0.4,-0.12,-0.36,-0.08,0.12,0.27,0.36
"657",-0.33,-0.11,0.06,0.12,0.37,0.15,0.51,0.1,0.12,-0.21,-0.51,-0.48,-0.04,-0.51,0.32,-0.08,0.41,0.12
"659",0.06,-0.15,0,0.19,-0.15,0.22,0.04,0.11,0.09,-0.3,-0.41,0.2,0.28,-0.16,-0.05,0.01,0.16,-0.28
"661",-0.24,-0.21,-0.15,-0.08,-0.03,0.01,0.54,-0.02,0.05,-0.28,-0.51,-0.21,0.06,-0.24,0.38,0.24,0.29,0.42
"662",-0.21,-0.34,-0.15,-0.25,-0.08,0.2,0.22,-0.1,0.08,0.04,-0.38,0.04,0.08,-0.34,0.14,0.11,0.26,0.68
"664",0.21,-0.05,0.06,-0.27,-0.14,-0.43,-0.04,0,0.45,0.7,0.12,0,-0.21,-0.41,-0.41,-0.37,0.19,0.6
"666",-0.46,-0.56,-0.53,-1.05,-0.63,-0.71,0.22,-0.01,0.75,0.83,0.88,0.59,0.18,-0.55,0.1,0.12,0.41,0.41
"667",0.44,0.2,0.26,-0.15,-0.14,-0.26,-0.04,-0.14,-0.1,0.15,0.09,-0.01,-0.14,-0.49,-0.03,-0.06,0.02,0.38
"671",0.09,-0.03,-0.11,-0.33,0.26,-0.2,0.09,-0.03,0.14,-0.02,0.04,0,-0.02,0,0.02,-0.02,0.16,-0.05
"672",1.35,-0.05,0.03,0.34,-0.3,0.27,0.25,-0.01,0.05,0.2,-0.5,0.02,-0.32,-0.32,-0.55,-0.42,-0.05,-0.02
"674",-0.01,0.18,0.39,-0.35,-0.61,-0.4,-0.92,-0.37,0.29,1.36,1.1,0.49,-0.13,-0.5,-0.58,-0.76,0.06,0.75
"675",-0.54,-0.36,-0.18,-0.01,0.17,0.5,0.41,0.31,-0.05,-0.5,-0.25,-0.09,0.06,-0.09,0.46,0.4,-0.06,-0.19
"676",-1.14,-0.31,0.57,1.08,1.17,0.57,0.31,-0.74,-0.68,-0.1,-0.38,0.75,0.73,0.09,-0.27,-0.22,-0.62,-0.8
"677",0.16,-0.1,0.32,0.43,0.35,0.32,0.13,0.12,-0.19,-0.46,0.13,-0.11,-0.22,-0.27,-0.03,0.03,-0.36,-0.23
"680",0.14,-0.16,-0.12,-0.12,-0.21,0.37,0.37,0.27,0.29,0.12,-0.51,-0.35,-0.02,-0.49,-0.05,0.14,0.34,0
"681",0.19,-0.31,0.32,-0.12,0.08,0.06,-0.02,0.3,0.38,-0.31,-0.45,-0.38,-0.15,-0.16,0.26,0.27,0.07,-0.17
"682",-0.4,-0.18,0.15,0.5,0.26,0.2,-0.01,-0.05,-0.46,-0.34,-0.27,0.11,0.13,-0.25,0.08,-0.15,0.2,0.5
"683",0.02,-0.15,0.18,0.31,0.48,-0.3,0,-0.05,-0.02,-0.15,-0.32,-0.07,0.17,-0.26,0.24,-0.23,-0.03,0.19
"684",0.4,0.33,0.22,0.11,-0.04,0.02,0.05,-0.43,-0.08,-0.14,-0.1,0.34,0.05,-0.22,-0.33,-0.18,-0.12,0.11
"685",0.19,0.29,0.07,0.48,-0.28,-0.4,-0.06,-0.15,0.22,0.16,0.33,0.12,0.05,-0.36,-0.13,-0.15,-0.18,-0.21
"686",0.33,-0.03,-0.3,-0.01,-0.15,0.02,0.18,0.34,0.38,-0.03,-0.28,-0.16,-0.09,-0.28,-0.01,0,-0.07,0.14
"687",-0.49,0.01,0.39,0.59,0.03,0.09,0.06,-0.42,-0.16,0.02,0.07,0.61,0.13,0.07,-0.4,-0.01,-0.24,-0.32
"689",-0.15,-0.51,-0.71,-0.74,-0.36,0.1,0.45,0.36,0.39,-0.07,-0.15,-0.3,-0.41,-0.21,0.41,0.87,0.45,0.58
"690",-0.18,0.36,0.17,0.64,0.36,0.45,-0.02,-0.07,-0.47,-0.1,-0.47,-0.07,0.21,0,-0.07,-0.38,-0.09,-0.29
"691",-0.04,-0.05,-0.38,-0.22,0.2,-0.1,0.43,0.25,-0.08,-0.24,-0.47,-0.06,0.04,-0.06,0.13,0.28,0.04,0.28
"693",0.49,0.05,-0.3,-0.73,-0.25,-0.04,-0.04,0.12,0.29,0.17,0.29,-0.21,-0.04,-0.3,-0.04,-0.14,0.27,0.43
"696",0.29,-0.2,0.03,0.21,0.19,-0.03,0.08,0.1,0.12,0.15,-0.44,0.1,0.24,-0.55,-0.67,0.3,0.06,0.01
"697",-1.73,-1.81,-0.29,0.29,1.05,0.56,0.88,-0.23,-0.07,-1.26,-0.51,-0.23,0.8,0.53,1.41,0.83,0.31,-0.54
"698",-1.11,-1.34,-0.55,0.32,0.72,0.47,0.9,-0.2,-0.22,-1.17,-0.62,-0.14,0.89,0.38,1.25,0.47,0.3,-0.34
"703",-0.66,0.03,-0.89,-0.49,-0.53,-0.31,-0.31,-0.7,-0.8,0.67,1.35,1.44,0.93,0.16,0.13,-0.03,-0.03,0.05
"704",0.24,-0.19,-0.42,-0.28,-0.11,-0.17,0.33,0.07,0.22,0.06,0.07,0.11,0.25,-0.37,0.16,0.14,-0.24,0.14
"705",0.5,1.23,0.41,-0.44,0.05,-0.44,-0.36,-0.21,0.23,0.05,0.67,-0.36,-0.33,-0.73,0.26,-0.23,-0.23,-0.08
"710",-0.25,-0.05,0.32,-0.01,-0.37,0.18,0.19,0.19,0.03,-0.11,-0.37,0.29,0.19,-0.34,-0.44,-0.2,0.26,0.42
"711",0.09,-0.21,-0.15,0.11,-0.02,-0.31,0.09,0.2,0.02,0.36,0.22,0.06,0.13,-0.1,-0.46,-0.19,0.04,0.13
"712",-0.96,0.18,-1.09,-0.52,-0.92,0.2,0.22,0.73,0.71,0.18,-0.22,-0.07,-0.07,-0.56,0.1,0.34,1.07,0.68
"713",0.01,0.2,0.55,0.76,0.1,-0.15,-0.11,-0.31,-0.31,-0.33,-0.13,0.19,0.2,-0.27,0,-0.09,-0.13,-0.19
"714",-0.39,-0.13,-0.02,0.25,0.03,0.27,0.34,0,0.14,0.3,-0.18,-0.02,0.09,-0.26,-0.01,-0.04,-0.18,-0.15
"715",-0.43,-0.35,0.12,0.8,0.52,0.35,0.34,-0.21,-0.35,-0.56,-0.16,0.22,0.41,0.02,0.1,-0.07,-0.17,-0.56
"717",-0.06,-0.05,-0.24,-0.01,0.18,-0.31,-0.02,0,0,-0.08,-0.02,0.09,0.05,0.04,-0.04,0.11,0.04,0.33
"721",-0.13,-0.33,-0.18,-0.04,-0.04,-0.08,0.13,-0.06,0.03,-0.15,0.23,-0.04,0.09,-0.3,0.32,-0.08,0.38,0.24
"722",-0.83,-0.46,-0.43,-0.01,0.2,0.2,0.4,0.25,-0.16,-0.14,-0.46,0.09,0.12,0.2,0.15,0.15,0.23,0.48
"723",-0.92,-1.39,-0.95,-1.67,-0.23,-1.56,0.51,-0.1,1.02,0.99,0.84,0.64,0.71,0.45,0.51,0.57,-0.71,1.28
"724",0.2,-0.05,0.5,-0.27,0.26,0.18,0.08,-0.1,-0.1,-0.1,-0.43,0.01,0.08,-0.29,-0.02,-0.1,0.1,-0.03
"725",-0.21,0.14,0.83,0.4,-0.15,-0.13,-0.23,-0.4,-0.19,0.28,0.34,0.76,0.27,-0.01,-0.86,-0.37,-0.35,-0.13
"726",0.23,-0.17,0.19,-0.07,0.11,0.1,0.17,0.32,-0.05,-0.18,-0.15,-0.22,-0.04,-0.13,-0.31,0.04,0.11,0.05
"727",-0.22,-0.2,0.03,-0.47,0.36,0.49,0.07,0.2,-0.06,-0.04,-0.4,-0.01,-0.22,-0.04,-0.3,-0.16,0.33,0.63
"728",-0.19,-0.65,-0.25,0.01,0.67,0.45,0.78,0.1,-0.19,-0.6,-0.71,-0.44,0.18,0.11,0.38,0.15,0.2,0.01
"729",-0.28,-0.52,-0.64,-0.67,-0.33,-0.31,0.45,0.33,0.72,0.54,0.17,0.1,-0.08,-0.36,-0.1,0.18,0.27,0.52
"730",0.03,0.49,0.24,-0.34,0.32,-0.15,0.08,0.01,0.1,-0.15,0.08,-0.63,-0.08,-0.16,0.1,-0.27,-0.23,0.4
"731",0.06,-0.54,0.71,0.58,0.54,0.82,0.03,-0.71,-1,-0.07,0.69,0.5,0.32,-0.06,0.09,-0.51,-0.67,-0.77
"732",0.52,0.15,0.33,-0.11,0.29,-0.44,0.11,-0.12,0.05,-0.14,-0.22,0.12,-0.12,-0.24,0.16,-0.2,-0.3,0.2
"733",-0.06,0.92,1.63,1.01,0.32,-0.15,-0.19,-0.01,0.16,0.29,0.62,0.04,-0.53,-1.15,-1.11,-0.89,-0.51,-0.4
"735",0.22,0.22,0.12,-0.01,0.12,-0.17,0.15,-0.13,0.09,-0.07,-0.07,-0.19,0.34,0.05,-0.07,-0.32,-0.24,-0.02
"736",-0.77,-0.84,-0.08,0.08,0.05,0.29,0.92,0.47,0.57,-0.06,0.1,0.13,0.11,-0.49,-0.22,-0.19,0.01,-0.06
"737",-0.47,-0.18,-0.21,-0.1,-0.14,0.24,0.53,0.6,-0.09,-0.1,-0.44,-0.4,0.1,0.05,0.55,0.55,-0.27,-0.21
"739",-1.99,-1.87,-0.32,0.57,0.92,0.99,0.86,0.32,-0.17,-0.63,-0.76,0.04,0.46,0.59,0.42,0.46,0.3,-0.19
"740",-0.48,-0.57,-0.51,-0.24,0.14,-0.1,0.58,0.06,0.07,0.04,-0.12,-0.08,0.14,0.02,0.27,0.02,0.14,0.6
"741",-0.04,-0.05,0.03,-0.42,0.04,0.17,0.3,0.11,0.12,-0.09,-0.48,-0.11,0.11,0.04,-0.11,0.14,0.14,0.08
"742",-0.87,-0.63,-1.31,-0.98,-0.75,-0.07,0.58,0.82,1.13,0.33,-0.04,-0.22,-0.48,-0.14,0.15,0.6,0.99,0.89
"743",-0.59,0.14,1.13,1.2,0.63,-0.04,-0.42,-0.61,-0.96,-0.4,0.36,0.72,0.3,-0.01,0.1,-0.54,-0.46,-0.57
"744",-0.74,-0.84,-0.56,-0.69,-0.22,0.41,0.54,0.6,0.4,0.37,-0.04,-0.29,-0.3,-0.15,0.16,0.23,0.48,0.64
"745",-1.16,-1.38,-1.65,-0.01,-0.55,-0.85,-0.91,-0.85,0.23,2.01,2.1,1.65,0.92,0.3,-0.55,-0.23,-0.2,1.15
"746",-2.42,-2.15,0.66,1.98,1.55,0.78,0.14,-0.94,-1.03,-1.5,-0.03,1.25,1.61,0.84,0.82,-0.09,-0.48,-0.97
"747",-0.09,-0.02,0.14,-0.32,0.05,-0.05,0.1,0.1,0.11,-0.09,0.17,-0.24,-0.02,-0.26,0.17,-0.12,0.16,0.2
"748",-0.25,-0.18,0.12,0.73,0.23,0.07,0.17,-0.46,-0.25,-0.31,0.03,0.49,0.37,0.03,-0.12,-0.01,-0.36,-0.29
"749",-0.41,-0.54,0.49,0.38,0.01,0.33,0.1,0.07,-0.07,-0.26,-0.01,-0.01,0.05,-0.22,0.18,0.01,-0.02,-0.09
"750",-0.35,-0.57,1.05,0.86,0.38,0.59,0.12,-0.58,-0.48,-0.38,0.33,0.54,0.26,-0.41,-0.12,-0.35,-0.41,-0.5
"751",0.22,-0.05,-0.11,0.04,0.04,-0.04,0.01,-0.03,-0.29,-0.04,0.13,0.5,0.19,-0.19,-0.13,-0.29,-0.03,-0.02
"752",-0.37,-0.79,0.48,0.44,0.34,0.39,0.06,0.02,0.01,-0.46,0.05,0.1,0.22,-0.18,0.13,-0.21,-0.24,0.01
"753",-0.94,-0.54,-0.78,-0.74,-1.13,-0.68,0.36,0.56,1.16,0.78,0.43,0.14,-0.19,-0.42,0.09,0.42,0.55,0.94
"754",-0.18,0.71,-0.08,0.03,0.44,0.08,0.75,-0.05,-0.08,-0.54,-0.46,-0.43,-0.29,-0.19,0.26,-0.27,0.22,0.05
"755",-0.69,-0.38,-0.01,-0.04,0.46,0.37,0.08,0.39,0.06,-0.32,-0.67,-0.14,-0.09,0.09,0.37,0.33,0.32,-0.14
"759",-1.12,0.21,1.03,0.52,0.42,-0.32,-0.02,0.27,0.33,0.03,0.03,-0.4,-0.34,-0.44,0.06,-0.25,0.2,-0.22
"761",-0.58,-0.05,-0.25,-0.35,0.1,0.09,0.36,0.07,-0.1,-0.58,-0.61,-0.04,0.3,0.17,0.3,0.17,0.32,0.64
"762",0.15,0.2,0.68,-0.14,-0.11,0.2,0.98,0,0.06,-0.29,-0.17,-0.3,-0.43,-0.6,-0.27,0.12,-0.01,-0.07
"763",-0.35,-0.45,0.93,0.61,0.06,-0.24,-0.22,-0.62,-0.2,0.02,0.69,0.75,0.23,-0.3,-0.08,-0.25,-0.25,-0.3
"764",0.2,-0.14,-0.16,-0.12,0.03,-0.1,0.2,-0.08,0.07,-0.04,-0.28,-0.12,-0.08,-0.02,0.03,-0.26,0.1,0.76
"765",0.3,-0.18,-0.02,-0.2,0.14,0.23,0.08,-0.07,-0.07,-0.04,-0.39,-0.05,0.1,-0.07,-0.07,0.1,-0.2,0.4
"766",-0.36,-0.05,0.6,0.63,0.28,-0.05,-0.04,-0.42,-0.2,-0.18,0.15,0.3,0.21,-0.36,-0.07,-0.04,-0.38,-0.09
"767",-0.31,1.32,0.18,0.01,-0.82,-1.01,-0.53,-0.5,0.35,0.7,0.56,0.66,0.07,-0.47,-0.65,-0.04,0.01,0.5
"768",-0.12,-0.77,-0.25,-0.54,0.35,0.37,0.54,0,0.05,-0.23,-0.18,-0.05,0.01,-0.06,0.32,0.17,0.34,0.06
"769",-0.08,0.43,0,0,-0.32,0.07,0.2,-0.08,0.18,0.24,-0.37,-0.06,-0.04,-0.12,-0.25,-0.04,0.05,0.21
"770",-0.01,0.13,0.09,0.64,0.06,0.34,0.35,-0.1,-0.17,-0.33,-0.35,0.01,0.18,0.15,0.02,-0.12,-0.63,-0.26
"771",-0.02,-0.11,0.16,0.51,0.22,0.39,0.22,-0.14,-0.2,-0.44,-0.09,-0.07,0.11,-0.18,0.22,-0.08,-0.07,-0.42
"772",-0.45,-0.05,-0.65,-0.38,0.12,0.58,0.2,-0.16,-0.45,-0.76,-0.33,0.26,0.58,0.3,0.66,0.07,0.51,-0.11
"773",-0.02,0.12,-0.04,-0.26,0.04,0.22,0.28,-0.02,-0.19,-0.44,-0.44,-0.13,0.14,-0.13,0.22,-0.15,0.39,0.41
"775",-2.36,-0.05,-1.96,-2.29,-1.36,0.4,1.09,1.54,1.5,0.92,0.05,-0.23,-0.42,-0.29,0.12,0.73,1.35,1.2
"776",-0.98,-0.38,0.92,0.97,0.26,-0.09,-0.18,-0.4,-0.35,-0.33,0.7,0.61,0.31,-0.23,0.1,-0.2,-0.21,-0.5
"777",-0.3,-0.42,0.16,-0.07,0.15,0.44,0.3,0.3,0.24,-0.14,0.04,-0.31,-0.2,-0.4,0.13,-0.11,0.23,-0.04
"778",-0.39,-0.6,0.8,1.28,0.67,0.04,-0.29,-0.62,-0.6,-0.67,0.29,0.73,0.6,-0.12,-0.01,-0.29,-0.25,-0.55
"779",-0.26,-0.69,0.01,0.01,0.1,0.48,-0.01,0.11,-0.07,-0.19,0.13,-0.09,0.08,-0.15,0.31,-0.09,0.46,-0.11
"781",-1.98,-0.61,-0.08,-0.93,-0.61,-0.88,0.66,0.52,1.44,0.85,0.63,-0.39,-0.14,-0.7,0.24,-0.06,1.15,0.89
"783",0.09,-0.68,-0.71,-1.86,-1.07,-0.71,0.55,0.57,1.51,0.89,0.49,-0.09,-0.34,-0.83,0.04,0.12,1.29,0.76
"784",0.6,0.34,-0.05,-0.46,0.1,-0.34,-0.09,0,0.44,0.24,0.02,-0.07,-0.44,-0.38,-0.01,-0.38,0.21,0.28
"785",0.17,0.16,0.17,0.38,0.47,-0.07,0.04,0,-0.3,-0.31,-0.1,-0.22,-0.03,-0.27,0.2,0,-0.23,-0.06
"786",0,1.22,1.81,1.38,0.68,-0.13,-0.23,-0.41,-0.44,-0.5,-0.41,-0.48,-0.28,-0.5,0.06,-0.42,-0.74,-0.58
"787",0.07,0.38,0,-0.08,0.03,0.1,0.26,0.09,0.27,0,0.03,-0.1,-0.26,-0.48,-0.02,-0.08,0.02,-0.21
"788",-0.24,-0.4,0.97,0.62,0.6,-0.11,-0.04,-0.7,-0.4,-0.24,0.25,0.3,0.46,-0.13,-0.06,-0.31,-0.33,-0.24
"789",-0.41,-0.57,1.15,0.69,0.61,0,-0.22,-0.5,-0.43,-0.33,0.22,0.64,0.42,-0.09,-0.03,-0.5,-0.08,-0.57
"790",-0.79,-0.25,1.18,0.84,0.19,-0.11,-0.42,-0.56,-0.36,-0.12,0.68,0.8,0.08,-0.24,-0.14,-0.27,-0.32,-0.19
"791",-0.68,-0.19,1.23,0.84,0.14,-0.44,-0.44,-0.75,-0.26,-0.06,0.63,0.98,0.07,-0.24,-0.35,-0.22,-0.33,0.08
"792",-0.37,-0.48,0.97,0.52,0.18,-0.11,-0.2,-0.53,-0.24,-0.04,0.4,0.62,0.27,-0.31,-0.11,-0.2,-0.09,-0.27
